"Status","Start Time","Stop Time","Duration in ms","Parent Suite","Suite","Sub Suite","Test Class","Test Method","Name","Description"
"broken","Fri Sep 11 13:40:50 IST 2026","Fri Sep 11 13:42:40 IST 2026","109610","Suite","M2006C3MII","com.intelehealth.tests.EditProfileTest","com.intelehealth.tests.EditProfileTest","IDA4_1994_uploadAPhotoAndVerify","Verify that user can change the profile photo by uploading photo",""
"passed","Fri Sep 11 15:38:01 IST 2026","Fri Sep 11 15:38:21 IST 2026","19912","Suite","M2006C3MII","com.intelehealth.tests.CloseVisitsTest","com.intelehealth.tests.CloseVisitsTest","IDA4_2247_verifyClosedCountIsDecreased","Verify the count once user closed the visit",""
"passed","Fri Sep 11 13:22:54 IST 2026","Fri Sep 11 13:26:21 IST 2026","206445","Suite","M2006C3MII","com.intelehealth.tests.AppointmentsTest","com.intelehealth.tests.AppointmentsTest","verifyTheAppointmentsSortedInUpcomingTab","Verify the patient details in cancelled section of upcoming tab",""
"passed","Fri Sep 11 18:32:11 IST 2026","Fri Sep 11 18:33:30 IST 2026","78696","Suite","M2006C3MII","com.intelehealth.tests.ChangeLanguageAndProtocolTest","com.intelehealth.tests.ChangeLanguageAndProtocolTest","IDA4_2039_verifyLanguageSyncFunctionality","Verify the sync functionality in Language selection & protocol page",""
"skipped","Fri Sep 11 17:06:59 IST 2026","Fri Sep 11 17:07:01 IST 2026","1441","Suite","M2006C3MII","com.intelehealth.tests.StartVisit1And2StepsTest","com.intelehealth.tests.StartVisit1And2StepsTest","IDA4_2555_verifyFunctionalityOfBackButtonOnVisitReasonSummaryScreen","Verify the functionality of Back button on 2/4 Visit Reason summary page ",""
"passed","Fri Sep 11 13:43:23 IST 2026","Fri Sep 11 13:43:38 IST 2026","14776","Suite","M2006C3MII","com.intelehealth.tests.EditProfileTest","com.intelehealth.tests.EditProfileTest","IDA4_1992_verifyUserCanSaveUpdatedDetails","Verify that user can save the updated details",""
"skipped","Thu Sep 10 17:56:28 IST 2026","Thu Sep 10 17:56:29 IST 2026","911","Suite","M2006C3MII","com.intelehealth.tests.StartVisit3And4StepsTest","com.intelehealth.tests.StartVisit3And4StepsTest","IDA4_2604_verifyPictureUploadedFromGalleryInFiveOfSix","Verify picture is uploaded when selected from gallery/photos in 4 of 6",""
"unknown","Fri Sep 11 12:56:36 IST 2026","Fri Sep 11 12:56:36 IST 2026","0","Suite","M2006C3MII","com.intelehealth.tests.StartVisit1And2StepsTest","com.intelehealth.tests.StartVisit1And2StepsTest","IDA4_2479_verifyFiveOfTwelveQuestionIsDisplayed","Verify when user selects any option other than Others[Describe]in 4 of 12",""
"passed","Fri Sep 11 13:06:39 IST 2026","Fri Sep 11 13:06:46 IST 2026","6895","Suite","M2006C3MII","com.intelehealth.tests.AppointmentsTest","com.intelehealth.tests.AppointmentsTest","IDA4_2352_verifyThePatientVisitDetailsInUpcomingSection","Verify the patient visit details in Upcoming section",""
"passed","Fri Sep 11 14:04:33 IST 2026","Fri Sep 11 14:04:48 IST 2026","15517","Suite","M2006C3MII","com.intelehealth.tests.DashboardModuleTest","com.intelehealth.tests.DashboardModuleTest","IDA4_2071_verifyThatFollowUpVisitsShouldNavigateToFollowUpVisitsPage","Verify that follow up visits should navigate to Follow-up visits page",""
"broken","Thu Sep 10 16:11:19 IST 2026","Thu Sep 10 16:11:36 IST 2026","17079","Suite","M2006C3MII","com.intelehealth.tests.StartVisit3And4StepsTest","com.intelehealth.tests.StartVisit3And4StepsTest","IDA4_2641_verifyFamilyHistoryUi","Verify the UI of Family history screen",""
"unknown","Fri Sep 11 12:56:37 IST 2026","Fri Sep 11 12:56:37 IST 2026","0","Suite","M2006C3MII","com.intelehealth.tests.StartVisit1And2StepsTest","com.intelehealth.tests.StartVisit1And2StepsTest","IDA4_2456_VerifyConfirmVisitPopupYesButtonFuntionality","Verify clicking on Yes button in Confirm visit reason popup",""
"broken","Thu Sep 10 15:39:19 IST 2026","Thu Sep 10 15:39:47 IST 2026","28144","Suite","M2006C3MII","com.intelehealth.tests.StartVisit3And4StepsTest","com.intelehealth.tests.StartVisit3And4StepsTest","IDA4_2587_verifyFourOfSixQuestionsOptions","Verify when user clicks Nails are normal/Clubbing/Spoon nails/Discolored option in 4 of 6",""
"passed","Fri Sep 11 14:33:37 IST 2026","Fri Sep 11 14:34:07 IST 2026","29699","Suite","M2006C3MII","com.intelehealth.tests.PrescriptionsTest","com.intelehealth.tests.PrescriptionsTest","IDA4_2100_verifyUserCanPrintThePrescription","Verify user can print the prescription",""
"passed","Fri Sep 11 14:02:26 IST 2026","Fri Sep 11 14:02:42 IST 2026","15252","Suite","M2006C3MII","com.intelehealth.tests.DashboardModuleTest","com.intelehealth.tests.DashboardModuleTest","IDA4_2069_verifyThatUserCanNavigateToMyAppointmentsPage","Verify that user can navigate to My Appointments page",""
"broken","Thu Sep 10 17:52:34 IST 2026","Thu Sep 10 17:53:07 IST 2026","33394","Suite","M2006C3MII","com.intelehealth.tests.StartVisit3And4StepsTest","com.intelehealth.tests.StartVisit3And4StepsTest","IDA4_2594_verifyPictureUploadedFromGalleryInFourOfSix","Verify picture is uploaded when selected from gallery/photos in 4 of 6",""
"passed","Fri Sep 11 14:13:04 IST 2026","Fri Sep 11 14:13:08 IST 2026","3776","Suite","M2006C3MII","com.intelehealth.tests.ForgotPasswordTest","com.intelehealth.tests.ForgotPasswordTest","verifyForgotPasswordWithInvalidUsername","Verify Forgot Password with invalid username (negative)","Verifies Forgot Password functionality with an invalid username."
"broken","Fri Sep 11 16:26:04 IST 2026","Fri Sep 11 16:26:26 IST 2026","21672","Suite","M2006C3MII","com.intelehealth.tests.AchievementsPageTest","com.intelehealth.tests.AchievementsPageTest","testSplashPageUIElements","Verify Splash page labels and icons are displayed",""
"unknown","Fri Sep 11 12:56:37 IST 2026","Fri Sep 11 12:56:37 IST 2026","0","Suite","M2006C3MII","com.intelehealth.tests.AppointmentsTest","com.intelehealth.tests.AppointmentsTest","IDA4_2346_verifyTheCountOfUpcomingTab","Verify the count of Upcoming tab","Deprecated due to new UI redesign"
"skipped","Fri Sep 11 17:07:04 IST 2026","Fri Sep 11 17:07:05 IST 2026","928","Suite","M2006C3MII","com.intelehealth.tests.StartVisit1And2StepsTest","com.intelehealth.tests.StartVisit1And2StepsTest","IDA4_2525_verifyUserAllowedSelectOnlyOneOptionInElevenOfTwelveQuestions","Verify whether user able to select one or more options in 11 of 12",""
"passed","Fri Sep 18 12:56:23 IST 2026","Fri Sep 18 12:56:26 IST 2026","3198","Suite","M2006C3MII","com.intelehealth.tests.AppSetupTest","com.intelehealth.tests.AppSetupTest","IDA4_1943_verifyTermsAndConditionCheckBox","Verify that user is able to navigate to setup page when the terms & conditions box is checked",""
"passed","Fri Sep 11 12:58:37 IST 2026","Fri Sep 11 12:58:46 IST 2026","9632","Suite","M2006C3MII","com.intelehealth.tests.AppointmentsTest","com.intelehealth.tests.AppointmentsTest","IDA4_2397_verifyAppointmentDetailsScreenIsDisplayedFromPastAppointments","verify that the appointment details screen is displayed when clicking on 'Visit' under the past section",""
"passed","Fri Sep 11 14:14:53 IST 2026","Fri Sep 11 14:14:56 IST 2026","3053","Suite","M2006C3MII","com.intelehealth.tests.ForgotPasswordTest","com.intelehealth.tests.ForgotPasswordTest","verifyForgotPasswordWithEmptyMobileNumber","Verify Forgot Password with empty mobile number (negative)","Verifies Forgot Password functionality with an empty mobile number field."
"passed","Fri Sep 11 16:16:06 IST 2026","Fri Sep 11 16:16:10 IST 2026","3180","Suite","M2006C3MII","com.intelehealth.tests.AchievementsPageTest","com.intelehealth.tests.AchievementsPageTest","verifyReportTabs","Verify End Date can be selected from calendar",""
"passed","Fri Sep 11 13:38:55 IST 2026","Fri Sep 11 13:39:11 IST 2026","16118","Suite","M2006C3MII","com.intelehealth.tests.EditProfileTest","com.intelehealth.tests.EditProfileTest","IDA4_1987_verifyMyProfilePage","Verify that Edit profile navigates to My Profile page",""
"passed","Thu Sep 10 15:11:18 IST 2026","Thu Sep 10 15:11:20 IST 2026","2128","Suite","M2006C3MII","com.intelehealth.tests.StartVisit3And4StepsTest","com.intelehealth.tests.StartVisit3And4StepsTest","IDA4_2564_verifyTakeAPictureOption","Verify when user selects Take a picture in 1 of 6",""
"broken","Fri Sep 11 18:11:27 IST 2026","Fri Sep 11 18:16:16 IST 2026","288718","Suite","M2006C3MII","com.intelehealth.tests.VisitSummaryTest","com.intelehealth.tests.VisitSummaryTest","IDA4_2200_verifyBehaviorOnClickingYesInSendVisitPopup","Verify behavior on clicking Yes in send visit popup",""
"broken","Fri Sep 11 15:35:47 IST 2026","Fri Sep 11 15:36:24 IST 2026","36849","Suite","M2006C3MII","com.intelehealth.tests.CloseVisitsTest","com.intelehealth.tests.CloseVisitsTest","IDA4_2249_verifyUserAbleToCloseVisitsFromRecentAndOlderSection","Verify whether user able to close visits of both Recent and Older visits section",""
"passed","Fri Sep 11 14:12:30 IST 2026","Fri Sep 11 14:12:40 IST 2026","10704","Suite","M2006C3MII","com.intelehealth.tests.ForgotPasswordTest","com.intelehealth.tests.ForgotPasswordTest","verifyForgotPasswordWithValidUsername","Verify Forgot Password with valid username (positive)","Verifies Forgot Password functionality with a valid username."
"passed","Fri Sep 11 13:05:37 IST 2026","Fri Sep 11 13:05:51 IST 2026","13940","Suite","M2006C3MII","com.intelehealth.tests.AppointmentsTest","com.intelehealth.tests.AppointmentsTest","IDA4_2385_verifycancelAppointmentSaveButton","Verify user can cancel the appointment by clicking save",""
"passed","Fri Sep 11 14:26:11 IST 2026","Fri Sep 11 14:27:56 IST 2026","104790","Suite","M2006C3MII","com.intelehealth.tests.PrescriptionsTest","com.intelehealth.tests.PrescriptionsTest","IDA4_2090_verifyThatUserCanSendWhatsappMessageToThePatient","Verify that user can send whatsapp message to the patient",""
"passed","Fri Sep 11 14:30:36 IST 2026","Fri Sep 11 14:31:07 IST 2026","31525","Suite","M2006C3MII","com.intelehealth.tests.PrescriptionsTest","com.intelehealth.tests.PrescriptionsTest","IDA4_2094_verifythatUserCanNavigateToPrescriptionPage","Verify that user can navigate to prescription page",""
"passed","Fri Sep 11 15:54:44 IST 2026","Fri Sep 11 15:54:51 IST 2026","6413","Suite","M2006C3MII","com.intelehealth.tests.FollowupVisitsTest","com.intelehealth.tests.FollowupVisitsTest","testGetFollowUpVisitLabels","Verify Follow Up Visit title is displayed",""
"broken","Thu Sep 10 17:09:00 IST 2026","Thu Sep 10 17:09:18 IST 2026","17379","Suite","M2006C3MII","com.intelehealth.tests.StartVisit3And4StepsTest","com.intelehealth.tests.StartVisit3And4StepsTest","IDA4_2637_verifySelectedDateAppearsOnPatientHistoryScreen","Verify whether the selected date appears correctly on Patient history screen",""
"passed","Fri Sep 11 12:59:35 IST 2026","Fri Sep 11 12:59:42 IST 2026","7425","Suite","M2006C3MII","com.intelehealth.tests.AppointmentsTest","com.intelehealth.tests.AppointmentsTest","IDA4_2380_verifyCancelAppointment","Verify the No button functionality in cancel appointment popup",""
"failed","Fri Sep 11 13:49:48 IST 2026","Fri Sep 11 13:50:47 IST 2026","58280","Suite","M2006C3MII","com.intelehealth.tests.DashboardModuleTest","com.intelehealth.tests.DashboardModuleTest","IDA4_2509_verifyThatSyncIconFunctionality","Verify that sync icon functionality",""
"skipped","Fri Sep 11 17:06:41 IST 2026","Fri Sep 11 17:06:42 IST 2026","947","Suite","M2006C3MII","com.intelehealth.tests.StartVisit1And2StepsTest","com.intelehealth.tests.StartVisit1And2StepsTest","IDA4_2503_verifyEightOfTwelveQuestionsDescribeTextBoxIsDisplayed","Verify clicking on Others [Describe] section in 8 of 12",""
"passed","Fri Sep 11 13:31:48 IST 2026","Fri Sep 11 13:33:36 IST 2026","107794","Suite","M2006C3MII","com.intelehealth.tests.AppointmentsTest","com.intelehealth.tests.AppointmentsTest","testAppointmentFilter","Verify the appointment filters in Past section",""
"passed","Fri Sep 11 14:03:30 IST 2026","Fri Sep 11 14:03:44 IST 2026","13423","Suite","M2006C3MII","com.intelehealth.tests.DashboardModuleTest","com.intelehealth.tests.DashboardModuleTest","IDA4_2070_verifyThatFollowUpVisitsSectionDisplayTheNumberOfFollowUpVisits","Verify that Follow up visits section display the number of follow up visits",""
"unknown","Fri Sep 11 12:56:36 IST 2026","Fri Sep 11 12:56:36 IST 2026","0","Suite","M2006C3MII","com.intelehealth.tests.StartVisit1And2StepsTest","com.intelehealth.tests.StartVisit1And2StepsTest","IDA4_2480_verifyClickingOnOthersOption","Verify clicking on Others [Describe] section in 4 of 12",""
"broken","Fri Sep 11 17:41:28 IST 2026","Fri Sep 11 17:46:19 IST 2026","291317","Suite","M2006C3MII","com.intelehealth.tests.VisitSummaryTest","com.intelehealth.tests.VisitSummaryTest","IDA4_2186_verifyChooseFromGalleryOptionToAddDocument","Verify choose from gallery option to add document",""
"passed","Thu Sep 10 15:15:08 IST 2026","Thu Sep 10 15:15:20 IST 2026","11715","Suite","M2006C3MII","com.intelehealth.tests.StartVisit3And4StepsTest","com.intelehealth.tests.StartVisit3And4StepsTest","IDA4_2565_verifyUploadIcon","Verify when user clicks on upload icon in 1 of 6",""
"broken","Thu Sep 10 16:30:31 IST 2026","Thu Sep 10 16:30:49 IST 2026","17290","Suite","M2006C3MII","com.intelehealth.tests.StartVisit3And4StepsTest","com.intelehealth.tests.StartVisit3And4StepsTest","IDA4_2652_verifyPatientHistoryScreenChangeButton","Verify Change button functionality for patient history on Medical history summary screen",""
"passed","Fri Sep 11 13:39:54 IST 2026","Fri Sep 11 13:40:09 IST 2026","15068","Suite","M2006C3MII","com.intelehealth.tests.EditProfileTest","com.intelehealth.tests.EditProfileTest","IDA4_1993_changeProfileByTakingPhotoAndVerify","Verify that user can change the profile photo by taking photo",""
"passed","Fri Sep 11 14:34:57 IST 2026","Fri Sep 11 14:35:25 IST 2026","27380","Suite","M2006C3MII","com.intelehealth.tests.PrescriptionsTest","com.intelehealth.tests.PrescriptionsTest","IDA4_2101_verifyThatUserCanShareThePrescriptionToPatient","Verify that user can share the prescription to patient",""
"broken","Thu Sep 10 16:26:46 IST 2026","Thu Sep 10 16:27:03 IST 2026","17761","Suite","M2006C3MII","com.intelehealth.tests.StartVisit3And4StepsTest","com.intelehealth.tests.StartVisit3And4StepsTest","IDA4_2648_verifyConfirmButtonFunctionality","Verify confirm button functionality on Family history screen",""
"skipped","Fri Sep 11 17:06:40 IST 2026","Fri Sep 11 17:06:41 IST 2026","941","Suite","M2006C3MII","com.intelehealth.tests.StartVisit1And2StepsTest","com.intelehealth.tests.StartVisit1And2StepsTest","IDA4_2501_verifyUserAbleToSelectAnyOptionInEightOfTwelveQuestions","Verify whether user able to select any options in 8 of 12",""
"skipped","Fri Sep 11 17:06:53 IST 2026","Fri Sep 11 17:06:54 IST 2026","932","Suite","M2006C3MII","com.intelehealth.tests.StartVisit1And2StepsTest","com.intelehealth.tests.StartVisit1And2StepsTest","IDA4_2533_verifyAssociatedSymptomsQuestionIsDisplayed","Verify clicking on Skip button in 12 of 12",""
"passed","Fri Sep 11 14:14:28 IST 2026","Fri Sep 11 14:14:31 IST 2026","3429","Suite","M2006C3MII","com.intelehealth.tests.ForgotPasswordTest","com.intelehealth.tests.ForgotPasswordTest","verifyForgotPasswordWithInvalidMobileNumber","Verify Forgot Password with invalid mobile number (negative)","Verifies Forgot Password functionality with an invalid mobile number."
"passed","Fri Sep 11 13:07:36 IST 2026","Fri Sep 11 13:08:04 IST 2026","28288","Suite","M2006C3MII","com.intelehealth.tests.AppointmentsTest","com.intelehealth.tests.AppointmentsTest","IDA4_2356_verifyClickingOnCallAndWhatsappIconAnAppointmentDetailsPageWhenNumberIsProvided","Verify clicking on call and whatsapp icon on appointment details page when number is provided",""
"broken","Thu Sep 10 17:48:39 IST 2026","Thu Sep 10 17:49:09 IST 2026","29194","Suite","M2006C3MII","com.intelehealth.tests.StartVisit3And4StepsTest","com.intelehealth.tests.StartVisit3And4StepsTest","IDA4_2582_verifyPictureUploadedFromGalleryInTwoOfSix","Verify picture is uploaded when selected from gallery/photos in 2 of 6",""
"passed","Fri Sep 11 14:01:23 IST 2026","Fri Sep 11 14:01:38 IST 2026","14435","Suite","M2006C3MII","com.intelehealth.tests.DashboardModuleTest","com.intelehealth.tests.DashboardModuleTest","IDA4_2068_verifyAppointmentsSectionShouldDisplayTheUpcomingAppointments","Verify appointments section should display the upcoming appointments",""
"passed","Thu Sep 10 15:04:11 IST 2026","Thu Sep 10 15:04:12 IST 2026","1222","Suite","M2006C3MII","com.intelehealth.tests.StartVisit3And4StepsTest","com.intelehealth.tests.StartVisit3And4StepsTest","IDA4_2562_verifyOneOfSixQuestionsIsShownToUser","Verify 1 of 6 questions is shown to user",""
"skipped","Fri Sep 11 17:06:54 IST 2026","Fri Sep 11 17:06:55 IST 2026","964","Suite","M2006C3MII","com.intelehealth.tests.StartVisit1And2StepsTest","com.intelehealth.tests.StartVisit1And2StepsTest","IDA4_2534_enterDataInAssociatedTextFieldAndSubmit","Verify entering any data in describe field and click on submit button in 12 of 12",""
"passed","Fri Sep 11 15:05:03 IST 2026","Fri Sep 11 15:08:13 IST 2026","189666","Suite","M2006C3MII","com.intelehealth.tests.EndToEndTest","com.intelehealth.tests.EndToEndTest","IDA4_2156_loginFindPatientBookAppointmentForAlreadyAddedPatientProfile","Login, Find patient, Book appointment [For already added patient] profile",""
"broken","Fri Sep 11 15:24:47 IST 2026","Fri Sep 11 15:25:30 IST 2026","42676","Suite","M2006C3MII","com.intelehealth.tests.EndToEndTest","com.intelehealth.tests.EndToEndTest","IDA4_2160_LoginPrescriptionsReceivedVisitSummaryPrint","Login, Prescriptions, Received, Visit summary, Print",""
"unknown","Fri Sep 11 12:56:36 IST 2026","Fri Sep 11 12:56:36 IST 2026","0","Suite","M2006C3MII","com.intelehealth.tests.AppointmentsTest","com.intelehealth.tests.AppointmentsTest","IDA4_2374_verifyCountOfCancelledTab","Verify the count of cancelled tab","Deprecated due to new UI redesign"
"broken","Fri Sep 11 17:06:33 IST 2026","Fri Sep 11 17:06:33 IST 2026","0","Suite","M2006C3MII","com.intelehealth.tests.StartVisit1And2StepsTest","com.intelehealth.tests.StartVisit1And2StepsTest","beforeMethod","beforeMethod",""
"broken","Fri Sep 11 18:00:47 IST 2026","Fri Sep 11 18:03:10 IST 2026","142971","Suite","M2006C3MII","com.intelehealth.tests.VisitSummaryTest","com.intelehealth.tests.VisitSummaryTest","IDA4_2192_verifyDoctorSpecialityDropdown","Verify Doctor's speciality drop down",""
"broken","Fri Sep 11 13:27:11 IST 2026","Fri Sep 11 13:28:55 IST 2026","104024","Suite","M2006C3MII","com.intelehealth.tests.AppointmentsTest","com.intelehealth.tests.AppointmentsTest","IDA4_2390_verifyHWCanAbleToSearchTheAppointmentsByPatientNameInUpcomingAppointments","Verify the HW can able to search the appointments by patient name",""
"broken","Fri Sep 11 11:57:04 IST 2026","Fri Sep 11 11:57:04 IST 2026","0","Suite","M2006C3MII","com.intelehealth.tests.AppointmentsTest","com.intelehealth.tests.AppointmentsTest","beforeMethod","beforeMethod",""
"passed","Thu Sep 10 15:23:40 IST 2026","Thu Sep 10 15:23:49 IST 2026","8443","Suite","M2006C3MII","com.intelehealth.tests.StartVisit3And4StepsTest","com.intelehealth.tests.StartVisit3And4StepsTest","IDA4_2575_verifyTwoOfSixQuestionNormalPaleOption","Verify when user clicks Normal/Pale option in 2 of 6",""
"broken","Thu Sep 10 17:28:40 IST 2026","Thu Sep 10 17:29:08 IST 2026","27519","Suite","M2006C3MII","com.intelehealth.tests.StartVisit3And4StepsTest","com.intelehealth.tests.StartVisit3And4StepsTest","IDA4_2579_verifyClickingOnPhotoInTwoOfSix","Verify clicking photo in 1 of 6",""
"unknown","Fri Sep 11 12:56:36 IST 2026","Fri Sep 11 12:56:36 IST 2026","0","Suite","M2006C3MII","com.intelehealth.tests.StartVisit1And2StepsTest","com.intelehealth.tests.StartVisit1And2StepsTest","IDA4_2419_verifyBMIValueIsAutoCalculated","Verify the functionality of BM index(auto-calculated) textfield on 1st vital screen",""
"passed","Fri Sep 18 12:55:27 IST 2026","Fri Sep 18 12:55:42 IST 2026","15079","Suite","M2006C3MII","com.intelehealth.tests.AppSetupTest","com.intelehealth.tests.AppSetupTest","IDA4_1939_verifySelectLanguage","Verify user can select any of the language and click Next","Verifies that the user can select any language from the available options and navigate through the introductory screen."
"passed","Fri Sep 11 14:13:54 IST 2026","Fri Sep 11 14:14:04 IST 2026","10144","Suite","M2006C3MII","com.intelehealth.tests.ForgotPasswordTest","com.intelehealth.tests.ForgotPasswordTest","verifyForgotPasswordWithValidMobileNumber","Verify Forgot Password with valid mobile number (positive)","Verifies Forgot Password functionality with a valid mobile number."
"passed","Fri Sep 11 14:07:39 IST 2026","Fri Sep 11 14:07:56 IST 2026","16248","Suite","M2006C3MII","com.intelehealth.tests.DashboardModuleTest","com.intelehealth.tests.DashboardModuleTest","IDA4_2074_verifyThatHelpOnBottomNavigateToHelpCenterPage","Verify that Help on Bottom navigate to Help center page",""
"unknown","Fri Sep 11 12:56:36 IST 2026","Fri Sep 11 12:56:36 IST 2026","1","Suite","M2006C3MII","com.intelehealth.tests.StartVisit1And2StepsTest","com.intelehealth.tests.StartVisit1And2StepsTest","IDA4_2476_verifySubmitButtonOfThreeOfElevenQuestion","Verify clicking on submit button by selecting both Number and duration type in 3 of 12",""
"passed","Thu Sep 10 15:51:31 IST 2026","Thu Sep 10 15:51:46 IST 2026","15485","Suite","M2006C3MII","com.intelehealth.tests.StartVisit3And4StepsTest","com.intelehealth.tests.StartVisit3And4StepsTest","IDA4_2606_verifySixofSixQuestionsIsShownToUser","Verify when user clicks Nails are normal/Nails are pale option in 5 of 6",""
"skipped","Fri Sep 11 17:06:42 IST 2026","Fri Sep 11 17:06:43 IST 2026","930","Suite","M2006C3MII","com.intelehealth.tests.StartVisit1And2StepsTest","com.intelehealth.tests.StartVisit1And2StepsTest","IDA4_2507_enterValueInDescribeTextBoxOFEightOfTwelveQuestions","Verify entering any data in describe field or select any option and click on submit button in 8 of 12",""
"passed","Fri Sep 11 13:56:44 IST 2026","Fri Sep 11 13:57:02 IST 2026","17633","Suite","M2006C3MII","com.intelehealth.tests.DashboardModuleTest","com.intelehealth.tests.DashboardModuleTest","IDA4_2065_verifyClickingOnPrescriptionsArrow","Verify clicking on Prescriptions arrow",""
"unknown","Fri Sep 11 12:56:37 IST 2026","Fri Sep 11 12:56:37 IST 2026","0","Suite","M2006C3MII","com.intelehealth.tests.StartVisit1And2StepsTest","com.intelehealth.tests.StartVisit1And2StepsTest","IDA4_2485_verifyUserAbleToSelectOptionOfFiveOfTwelveQuestions","Verify whether user able to select any options in 5 of 12",""
"passed","Fri Sep 11 15:34:51 IST 2026","Fri Sep 11 15:35:00 IST 2026","9224","Suite","M2006C3MII","com.intelehealth.tests.CloseVisitsTest","com.intelehealth.tests.CloseVisitsTest","IDA4_2245_enterTextInFeedbackAreaAndSubmit","Verify entering text in Give feedback area and click on submit button",""
"skipped","Thu Sep 10 17:56:29 IST 2026","Thu Sep 10 17:56:29 IST 2026","911","Suite","M2006C3MII","com.intelehealth.tests.StartVisit3And4StepsTest","com.intelehealth.tests.StartVisit3And4StepsTest","IDA4_2614_verifyPictureUploadedFromGalleryInSixOfSix","Verify picture is uploaded when selected from gallery/photos in 6 of 6",""
"passed","Fri Sep 11 16:06:38 IST 2026","Fri Sep 11 16:06:52 IST 2026","13736","Suite","M2006C3MII","com.intelehealth.tests.LoginMenuTest","com.intelehealth.tests.LoginMenuTest","IDA4_1950_verifyLoginWithValidUsernameAndPassword"," Verify if a user will be able to login with a valid username and valid password.",""
"passed","Fri Sep 11 16:00:59 IST 2026","Fri Sep 11 16:01:31 IST 2026","32166","Suite","M2006C3MII","com.intelehealth.tests.FollowupVisitsTest","com.intelehealth.tests.FollowupVisitsTest","testSelectDateRangeInDateRangeFilter","Verify selecting a date range in the date range filter updates the filter icon",""
"passed","Fri Sep 11 13:19:20 IST 2026","Fri Sep 11 13:19:36 IST 2026","16071","Suite","M2006C3MII","com.intelehealth.tests.AppointmentsTest","com.intelehealth.tests.AppointmentsTest","IDA4_2370_VerifyWhenUserClicksYesInConfirmAppointmentPopup","Verify when user clicks Yes in confirm appointment popup",""
"skipped","Fri Sep 11 17:06:57 IST 2026","Fri Sep 11 17:06:58 IST 2026","980","Suite","M2006C3MII","com.intelehealth.tests.StartVisit1And2StepsTest","com.intelehealth.tests.StartVisit1And2StepsTest","IDA4_2549_verifyAssociatedSymptomSubmitButton","Verify on clicking submit button after selecting yes or no option for symptoms",""
"broken","Thu Sep 10 15:35:25 IST 2026","Thu Sep 10 15:35:53 IST 2026","27951","Suite","M2006C3MII","com.intelehealth.tests.StartVisit3And4StepsTest","com.intelehealth.tests.StartVisit3And4StepsTest","IDA4_2586_verifyFourOfSixQuestionsIsShownToUser","Verify 4 of 6 questions is shown to user",""
"unknown","Fri Sep 11 12:56:37 IST 2026","Fri Sep 11 12:56:37 IST 2026","0","Suite","M2006C3MII","com.intelehealth.tests.StartVisit1And2StepsTest","com.intelehealth.tests.StartVisit1And2StepsTest","IDA4_2454_VerifyConfirmVisitPopup","Verify the functionality of Next button on 2/4 Visit reason screen",""
"skipped","Fri Sep 11 17:07:05 IST 2026","Fri Sep 11 17:07:06 IST 2026","943","Suite","M2006C3MII","com.intelehealth.tests.StartVisit1And2StepsTest","com.intelehealth.tests.StartVisit1And2StepsTest","IDA4_2518_verifyUserAllowedSelectOnlyOneOptionInElevenOfTwelveQuestions","Verify whether user able to select one or more options in 10 of 12",""
"passed","Fri Sep 11 14:46:45 IST 2026","Fri Sep 11 14:47:12 IST 2026","27213","Suite","M2006C3MII","com.intelehealth.tests.PrescriptionsTest","com.intelehealth.tests.PrescriptionsTest","IDA4_2113_verifyThatUserCanEndPendingVisit","Verify that user can end visit",""
"broken","Fri Sep 11 18:27:13 IST 2026","Fri Sep 11 18:29:36 IST 2026","142807","Suite","M2006C3MII","com.intelehealth.tests.VisitSummaryTest","com.intelehealth.tests.VisitSummaryTest","IDA4_2203_verifyIfBookedAppointmentIsReflectingInAppointments","Verify if booked appointment is reflecting in appointments",""
"passed","Fri Sep 11 13:12:58 IST 2026","Fri Sep 11 13:17:30 IST 2026","271538","Suite","M2006C3MII","com.intelehealth.tests.AppointmentsTest","com.intelehealth.tests.AppointmentsTest","IDA4_2367_verifySelectingAnyTimeSlotsAndClickingOnBookAppointment","Verify selecting any time slots & clicking on book appointment",""
"broken","Fri Sep 11 17:17:39 IST 2026","Fri Sep 11 17:22:27 IST 2026","287614","Suite","M2006C3MII","com.intelehealth.tests.VisitSummaryTest","com.intelehealth.tests.VisitSummaryTest","IDA4_2176_verifyTheChangesAreSavedWhenPatientDetailsAreUpdated","Verify the changes are saved when patient details are updated",""
"passed","Fri Sep 11 14:24:34 IST 2026","Fri Sep 11 14:25:20 IST 2026","46765","Suite","M2006C3MII","com.intelehealth.tests.PrescriptionsTest","com.intelehealth.tests.PrescriptionsTest","IDA4_2089_verifyThatUserCanCallPatient","Verify that user can call patient",""
"passed","Fri Sep 11 15:37:11 IST 2026","Fri Sep 11 15:37:14 IST 2026","3084","Suite","M2006C3MII","com.intelehealth.tests.CloseVisitsTest","com.intelehealth.tests.CloseVisitsTest","IDA4_2236_verifyRecentVisitsSection","Verify the functionality of Recent Visits section",""
"passed","Fri Sep 11 16:07:56 IST 2026","Fri Sep 11 16:08:12 IST 2026","16230","Suite","M2006C3MII","com.intelehealth.tests.LoginMenuTest","com.intelehealth.tests.LoginMenuTest","IDA4_1957_verifyHamburgerMenu","Verify if clicking on the Hamburger menu open the menu page",""
"passed","Fri Sep 11 16:13:52 IST 2026","Fri Sep 11 16:13:55 IST 2026","2829","Suite","M2006C3MII","com.intelehealth.tests.AchievementsPageTest","com.intelehealth.tests.AchievementsPageTest","verifyReportTabs","Verify End Date can be selected from calendar",""
"broken","Thu Sep 10 16:07:36 IST 2026","Thu Sep 10 16:07:53 IST 2026","17242","Suite","M2006C3MII","com.intelehealth.tests.StartVisit3And4StepsTest","com.intelehealth.tests.StartVisit3And4StepsTest","IDA4_2624_verifyConfirmButtonFunctionality","Verify Back button functionality on Physical examination summary screen",""
"passed","Fri Sep 11 14:21:59 IST 2026","Fri Sep 11 14:22:24 IST 2026","25025","Suite","M2006C3MII","com.intelehealth.tests.PrescriptionsTest","com.intelehealth.tests.PrescriptionsTest","IDA4_2085_verifyTheCountOfPatientsAwaitingPrescriptionsAreCorrect","Verify the count of patients awaiting prescriptions are correct",""
"passed","Fri Sep 11 15:56:38 IST 2026","Fri Sep 11 15:56:43 IST 2026","5585","Suite","M2006C3MII","com.intelehealth.tests.FollowupVisitsTest","com.intelehealth.tests.FollowupVisitsTest","testEnterSearchPatientByName","verify search patient by Name",""
"passed","Fri Sep 11 12:57:40 IST 2026","Fri Sep 11 12:57:50 IST 2026","9999","Suite","M2006C3MII","com.intelehealth.tests.AppointmentsTest","com.intelehealth.tests.AppointmentsTest","IDA4_2397_verifyAppointmentDetailsScreenIsDisplayedFromUpcomingAppointments","verify that the appointment details screen is displayed when clicking on 'Visit' under the upcoming section",""
"passed","Fri Sep 11 15:20:18 IST 2026","Fri Sep 11 15:22:03 IST 2026","105429","Suite","M2006C3MII","com.intelehealth.tests.EndToEndTest","com.intelehealth.tests.EndToEndTest","IDA4_2159_LoginPrescriptionsReceivedWhatsappToPatient","Login, Prescriptions, Received/Pending, Whatsapp to patient",""
"skipped","Fri Sep 11 17:06:45 IST 2026","Fri Sep 11 17:06:46 IST 2026","1017","Suite","M2006C3MII","com.intelehealth.tests.StartVisit1And2StepsTest","com.intelehealth.tests.StartVisit1And2StepsTest","IDA4_2515_verifyTenOfTwelveQuestionsIsAutoPopulated","Verify entering any data in describe field or select any option and click on submit button in 9 of 12",""
"passed","Fri Sep 11 16:02:21 IST 2026","Fri Sep 11 16:02:25 IST 2026","3872","Suite","M2006C3MII","com.intelehealth.tests.FollowupVisitsTest","com.intelehealth.tests.FollowupVisitsTest","testClickPatientInFollowUpVisitList","Verify clicking on a patient in the follow-up visit list navigates to the correct patient details screen",""
"passed","Fri Sep 11 14:09:14 IST 2026","Fri Sep 11 14:09:31 IST 2026","16331","Suite","M2006C3MII","com.intelehealth.tests.DashboardModuleTest","com.intelehealth.tests.DashboardModuleTest","IDA4_2075_verifyThatAddPatientOnBottomNavigateToPrivacyPolicyPage","Verify that Add patient on bottom navigate to privacy policy page",""
"passed","Fri Sep 11 13:45:52 IST 2026","Fri Sep 11 13:45:56 IST 2026","3441","Suite","M2006C3MII","com.intelehealth.tests.EditProfileTest","com.intelehealth.tests.EditProfileTest","IDA4_1998_verifyNonEditableFields","Verify user can able to see the please contact adminstrator when clicks on non editable fields ",""
"skipped","Fri Sep 11 17:06:47 IST 2026","Fri Sep 11 17:06:48 IST 2026","1071","Suite","M2006C3MII","com.intelehealth.tests.StartVisit1And2StepsTest","com.intelehealth.tests.StartVisit1And2StepsTest","IDA4_2519_verifyIsMenstruatingOptionInTenOftTwelveQuestions","Verify when user selects ''Is menstruating'' option in 10 of 12",""
"unknown","Fri Sep 11 12:56:37 IST 2026","Fri Sep 11 12:56:37 IST 2026","0","Suite","M2006C3MII","com.intelehealth.tests.StartVisit1And2StepsTest","com.intelehealth.tests.StartVisit1And2StepsTest","IDA4_2432_VerifyChangeButtonOfVitalSummaryScreen","Verify clicking on the change button of details section on Vital summary",""
"broken","Thu Sep 10 16:23:05 IST 2026","Thu Sep 10 16:23:23 IST 2026","17999","Suite","M2006C3MII","com.intelehealth.tests.StartVisit3And4StepsTest","com.intelehealth.tests.StartVisit3And4StepsTest","IDA4_2646_verifyUserAbleToEnterDataInTextBox","Verify the user is able to enter data into the textbox on Family history screen",""
"passed","Fri Sep 11 14:36:16 IST 2026","Fri Sep 11 14:38:03 IST 2026","107282","Suite","M2006C3MII","com.intelehealth.tests.PrescriptionsTest","com.intelehealth.tests.PrescriptionsTest","IDA4_2102_verifyUserCanShareThroughWhatsapp","Verify user can share through whatsapp",""
"unknown","Fri Sep 11 12:56:36 IST 2026","Fri Sep 11 12:56:36 IST 2026","0","Suite","M2006C3MII","com.intelehealth.tests.StartVisit1And2StepsTest","com.intelehealth.tests.StartVisit1And2StepsTest","IDA4_2464_verifyUserCanGoTo3rdQuestionWithoutSelecting2ndQuestion","Verify whether user able to go to 3rd question without selecting option/answer for 2nd question",""
"broken","Fri Sep 11 13:35:28 IST 2026","Fri Sep 11 13:37:12 IST 2026","104028","Suite","M2006C3MII","com.intelehealth.tests.AppointmentsTest","com.intelehealth.tests.AppointmentsTest","IDA4_2392_verifySearchByOpenMrsIdInUpcomingAppointments","Verify the HW can able to search the appointments by patient openmrs idIn Upcoming Appointments",""
"broken","Thu Sep 10 16:34:14 IST 2026","Thu Sep 10 16:34:31 IST 2026","17544","Suite","M2006C3MII","com.intelehealth.tests.StartVisit3And4StepsTest","com.intelehealth.tests.StartVisit3And4StepsTest","IDA4_2653_verifyFamilyHistoryScreenChangeButton","Verify Change button functionality for family history on Medical history summary screen",""
"passed","Fri Sep 11 13:18:17 IST 2026","Fri Sep 11 13:18:32 IST 2026","14930","Suite","M2006C3MII","com.intelehealth.tests.AppointmentsTest","com.intelehealth.tests.AppointmentsTest","IDA4_2368_verifyTheConfirmAppointmentPopup","Verify the confirm appointment popup",""
"unknown","Fri Sep 11 12:56:36 IST 2026","Fri Sep 11 12:56:36 IST 2026","0","Suite","M2006C3MII","com.intelehealth.tests.StartVisit1And2StepsTest","com.intelehealth.tests.StartVisit1And2StepsTest","IDA4_2430_verifyDeatilsOnVitalSummaryScreen","Verify the details section on Vital summary",""
"broken","Thu Sep 10 16:37:57 IST 2026","Thu Sep 10 16:38:15 IST 2026","18132","Suite","M2006C3MII","com.intelehealth.tests.StartVisit3And4StepsTest","com.intelehealth.tests.StartVisit3And4StepsTest","IDA4_2655_verifyBackButtonFunctionality","Verify Back button functionality on Medical history summary screen",""
"passed","Thu Sep 10 15:19:29 IST 2026","Thu Sep 10 15:19:34 IST 2026","4957","Suite","M2006C3MII","com.intelehealth.tests.StartVisit3And4StepsTest","com.intelehealth.tests.StartVisit3And4StepsTest","IDA4_2574_verifyTwoOfSixQuestionIsDisplayed","Verify 2 of 6 questions is shown to user",""
"broken","Thu Sep 10 17:20:47 IST 2026","Thu Sep 10 17:21:05 IST 2026","17581","Suite","M2006C3MII","com.intelehealth.tests.StartVisit3And4StepsTest","com.intelehealth.tests.StartVisit3And4StepsTest","IDA4_2647_verifyFamilyHistoryDescribeSection","Verify Describe section of the question on Family history screen",""
"passed","Fri Sep 11 17:03:07 IST 2026","Fri Sep 11 17:03:20 IST 2026","12780","Suite","M2006C3MII","com.intelehealth.tests.AddNewPatientTest","com.intelehealth.tests.AddNewPatientTest","IDA4_2265_addProfilePhotoAndVerify","Verify if user clicks on While using the app/only this time",""
"passed","Fri Sep 11 18:36:07 IST 2026","Fri Sep 11 18:36:15 IST 2026","8243","Suite","M2006C3MII","com.intelehealth.tests.ChangeLanguageAndProtocolTest","com.intelehealth.tests.ChangeLanguageAndProtocolTest","IDA4_2035_VerifyUpdateWithValidServerURLAndLicenseKey","Verify that user can update using valid Server url and License key",""
"passed","Fri Sep 11 16:10:29 IST 2026","Fri Sep 11 16:10:34 IST 2026","4554","Suite","M2006C3MII","com.intelehealth.tests.LoginMenuTest","com.intelehealth.tests.LoginMenuTest","IDA4_2050_verifyLogoutFunctionality","Verify the User can logout from app",""
"broken","Fri Sep 11 13:00:30 IST 2026","Fri Sep 11 13:02:17 IST 2026","107077","Suite","M2006C3MII","com.intelehealth.tests.AppointmentsTest","com.intelehealth.tests.AppointmentsTest","IDA4_2406_verifySpecificRadioButtonForAppointments","Verify when user selects specific radio button for appointments filter","Deprecated due to new UI redesign"
"passed","Fri Sep 11 13:53:15 IST 2026","Fri Sep 11 13:53:51 IST 2026","35569","Suite","M2006C3MII","com.intelehealth.tests.DashboardModuleTest","com.intelehealth.tests.DashboardModuleTest","IDA4_2061_verifyThatFindPatientSearchBoxDisplayedAndClickFunctionality","Verify that Find patient search box displayed and click functionality",""
"broken","Fri Sep 11 15:11:03 IST 2026","Fri Sep 11 15:13:28 IST 2026","145137","Suite","M2006C3MII","com.intelehealth.tests.EndToEndTest","com.intelehealth.tests.EndToEndTest","IDA4_2157_LoginFindPatientStartVisitSendVisitNoVisitCreatedEarlier","Login, Find patient, Start visit, Send visit [No visit created earlier]",""
"broken","Thu Sep 10 15:59:34 IST 2026","Thu Sep 10 15:59:52 IST 2026","17346","Suite","M2006C3MII","com.intelehealth.tests.StartVisit3And4StepsTest","com.intelehealth.tests.StartVisit3And4StepsTest","IDA4_2621_verifyChangeButtonFunctionality","Verify Change button functionality on Physical examination summary screen",""
"passed","Fri Sep 11 14:44:05 IST 2026","Fri Sep 11 14:44:33 IST 2026","28035","Suite","M2006C3MII","com.intelehealth.tests.PrescriptionsTest","com.intelehealth.tests.PrescriptionsTest","IDA4_2105_verifyThatUserCanEndVisit","Verify that user can End visit",""
"skipped","Fri Sep 11 17:06:37 IST 2026","Fri Sep 11 17:06:38 IST 2026","904","Suite","M2006C3MII","com.intelehealth.tests.StartVisit1And2StepsTest","com.intelehealth.tests.StartVisit1And2StepsTest","IDA4_2493_verifyClickingOnOtherOptionDisplaysDescribeTextArea","Verify clicking on Others [Describe] section in 6 of 12",""
"passed","Fri Sep 11 15:34:00 IST 2026","Fri Sep 11 15:34:04 IST 2026","4057","Suite","M2006C3MII","com.intelehealth.tests.CloseVisitsTest","com.intelehealth.tests.CloseVisitsTest","IDA4_2241_verifyConfirmButton","Verify clicking on Confirm button",""
"unknown","Fri Sep 11 12:56:37 IST 2026","Fri Sep 11 12:56:37 IST 2026","0","Suite","M2006C3MII","com.intelehealth.tests.StartVisit1And2StepsTest","com.intelehealth.tests.StartVisit1And2StepsTest","IDA4_2467_VerifyDescribeSection","Verify by not selecting any options and click on submit button of 2 of 12",""
"skipped","Fri Sep 11 17:07:07 IST 2026","Fri Sep 11 17:07:08 IST 2026","963","Suite","M2006C3MII","com.intelehealth.tests.StartVisit1And2StepsTest","com.intelehealth.tests.StartVisit1And2StepsTest","IDA4_2447_verifyAllReasonFunctionality","Verify the functionality of 'All reason' section",""
"broken","Thu Sep 10 16:57:51 IST 2026","Thu Sep 10 16:58:08 IST 2026","17459","Suite","M2006C3MII","com.intelehealth.tests.StartVisit3And4StepsTest","com.intelehealth.tests.StartVisit3And4StepsTest","IDA4_2633_verifyOtherDescribeFunctionality","Verify Other [Describe] textbox functionality on Patient history screen",""
"passed","Fri Sep 11 16:56:41 IST 2026","Fri Sep 11 16:58:37 IST 2026","115390","Suite","M2006C3MII","com.intelehealth.tests.AddNewPatientTest","com.intelehealth.tests.AddNewPatientTest","IDA4_2317_verifyContinueButtonFuntionality","Verify Continue button functionality when clicked on Start visit",""
"broken","Fri Sep 11 15:31:35 IST 2026","Fri Sep 11 15:32:18 IST 2026","42663","Suite","M2006C3MII","com.intelehealth.tests.EndToEndTest","com.intelehealth.tests.EndToEndTest","IDA4_2162_LoginPrescriptionsReceivedVisitSummaryHome","Login, Prescriptions, Received, Visit summary, Home",""
"unknown","Fri Sep 11 12:56:36 IST 2026","Fri Sep 11 12:56:36 IST 2026","0","Suite","M2006C3MII","com.intelehealth.tests.AppointmentsTest","com.intelehealth.tests.AppointmentsTest","IDA4_2408_verifyAllTabCalenderFilter","Verify user can select the FROM and TO dates from calendar filter in All tab section","Deprecated due to new UI redesign"
"unknown","Fri Sep 11 12:56:37 IST 2026","Fri Sep 11 12:56:37 IST 2026","0","Suite","M2006C3MII","com.intelehealth.tests.StartVisit1And2StepsTest","com.intelehealth.tests.StartVisit1And2StepsTest","IDA4_2421_checkBMIStatusWithDifferentValues","Verify the status of BMI index by changing different height & weight and if editable field",""
"broken","Fri Sep 11 18:19:18 IST 2026","Fri Sep 11 18:24:07 IST 2026","289010","Suite","M2006C3MII","com.intelehealth.tests.VisitSummaryTest","com.intelehealth.tests.VisitSummaryTest","IDA4_2202_verifyClickingOnAppointmentButtonFunctionalityAfterVisitIsSentToDoctor","Verify clicking on Appointment button functionality after visit is sent to doctor",""
"passed","Fri Sep 18 12:56:47 IST 2026","Fri Sep 18 12:56:52 IST 2026","5684","Suite","M2006C3MII","com.intelehealth.tests.AppSetupTest","com.intelehealth.tests.AppSetupTest","IDA4_1943_verifyForgotUsernameDialogBox","Verify that user is able to navigate to setup page when the terms & conditions box is checked",""
"passed","Fri Sep 11 13:58:19 IST 2026","Fri Sep 11 13:58:54 IST 2026","35038","Suite","M2006C3MII","com.intelehealth.tests.DashboardModuleTest","com.intelehealth.tests.DashboardModuleTest","IDA4_2066_verifyThatCloseVisitsSectionDisplayTheNumberOfUnclosedVisit","Verify that Close visits section display the number of unclosed visit",""
"broken","Thu Sep 10 17:40:28 IST 2026","Thu Sep 10 17:41:03 IST 2026","35821","Suite","M2006C3MII","com.intelehealth.tests.StartVisit3And4StepsTest","com.intelehealth.tests.StartVisit3And4StepsTest","IDA4_2611_verifyClickingOnPhotoInSixOfSix","Verify when user selects take photo option in 6 of 6",""
"skipped","Fri Sep 11 17:06:38 IST 2026","Fri Sep 11 17:06:39 IST 2026","954","Suite","M2006C3MII","com.intelehealth.tests.StartVisit1And2StepsTest","com.intelehealth.tests.StartVisit1And2StepsTest","IDA4_2496_verifySixOftwelveQuestionsSubmitButtonFuntionality","Verify entering any data in describe field or select any option and click on submit button in 6 of 12",""
"skipped","Fri Sep 11 17:06:58 IST 2026","Fri Sep 11 17:06:59 IST 2026","1070","Suite","M2006C3MII","com.intelehealth.tests.StartVisit1And2StepsTest","com.intelehealth.tests.StartVisit1And2StepsTest","IDA4_2551_verifyChangeButtonOfAbdominalPain","Verify the functionality of change button of Abdominal pain(selected visit reason) on 2/4 Visit Reason summary page",""
"unknown","Fri Sep 11 12:56:36 IST 2026","Fri Sep 11 12:56:36 IST 2026","0","Suite","M2006C3MII","com.intelehealth.tests.StartVisit1And2StepsTest","com.intelehealth.tests.StartVisit1And2StepsTest","IDA4_2439_VerifyTheFunctionalityOfRemoveOption","Verify user can remove the selected reason",""
"broken","Fri Sep 11 14:59:55 IST 2026","Fri Sep 11 15:02:17 IST 2026","142264","Suite","M2006C3MII","com.intelehealth.tests.EndToEndTest","com.intelehealth.tests.EndToEndTest","IDA4_2155_loginAddPatientPatientRegisterStartVisitSendVisit","Login, Add patient, Patient register, Start visit, Send visit",""
"broken","Fri Sep 11 16:33:56 IST 2026","Fri Sep 11 16:34:59 IST 2026","63158","Suite","M2006C3MII","com.intelehealth.tests.AddNewPatientTest","com.intelehealth.tests.AddNewPatientTest","IDA4_2295_verifyNextButtonFunctionalityOnAddressScreen","Verify Next button functionality on Address screen",""
"skipped","Fri Sep 11 17:06:55 IST 2026","Fri Sep 11 17:06:56 IST 2026","1070","Suite","M2006C3MII","com.intelehealth.tests.StartVisit1And2StepsTest","com.intelehealth.tests.StartVisit1And2StepsTest","IDA4_2541_verifyDescribeTextAreaIsDisplayed","Verify when user selects yes option for '7. change in frequency of urination[Describe]' symptom",""
"unknown","Fri Sep 11 12:56:36 IST 2026","Fri Sep 11 12:56:36 IST 2026","0","Suite","M2006C3MII","com.intelehealth.tests.StartVisit1And2StepsTest","com.intelehealth.tests.StartVisit1And2StepsTest","IDA4_2435_verifyConfirmButtonfuntionality","Verify the functionality of Confirm button on 1/4 vital summary screen",""
"broken","Thu Sep 10 17:05:17 IST 2026","Thu Sep 10 17:05:34 IST 2026","17264","Suite","M2006C3MII","com.intelehealth.tests.StartVisit3And4StepsTest","com.intelehealth.tests.StartVisit3And4StepsTest","IDA4_2636_verifyCalenderSelectionOption","Verify calendar selection option on Patient history screen",""
"unknown","Fri Sep 11 12:56:37 IST 2026","Fri Sep 11 12:56:37 IST 2026","0","Suite","M2006C3MII","com.intelehealth.tests.StartVisit1And2StepsTest","com.intelehealth.tests.StartVisit1And2StepsTest","IDA4_2452_verifySelectedReasons","Verify the functionality of Back button after selecting a reason on 2/4 visit reason screen",""
"passed","Fri Sep 11 16:03:21 IST 2026","Fri Sep 11 16:03:29 IST 2026","8266","Suite","M2006C3MII","com.intelehealth.tests.LoginMenuTest","com.intelehealth.tests.LoginMenuTest","IDA4_1949_verifyWelcomeBackTitle","Verify if the 'Welcome Back' title is displayed on the login screen.",""
"failed","Fri Sep 11 15:40:46 IST 2026","Fri Sep 11 15:40:50 IST 2026","3733","Suite","M2006C3MII","com.intelehealth.tests.CloseVisitsTest","com.intelehealth.tests.CloseVisitsTest","IDA4_2237_verifyAboveLastSevenDaysPatientsAreDisplayedInRecentVisits","Verify whether last 7 days visited Patient's are only reflecting under Recent Visits section",""
"unknown","Fri Sep 11 12:56:37 IST 2026","Fri Sep 11 12:56:37 IST 2026","0","Suite","M2006C3MII","com.intelehealth.tests.StartVisit1And2StepsTest","com.intelehealth.tests.StartVisit1And2StepsTest","IDA4_2413_verifyVitalsScreenUi","Verify the UI of first page of Vitals (1/4 Vitals)",""
"passed","Fri Sep 11 14:41:32 IST 2026","Fri Sep 11 14:41:57 IST 2026","24937","Suite","M2006C3MII","com.intelehealth.tests.PrescriptionsTest","com.intelehealth.tests.PrescriptionsTest","IDA4_2109_verifyTheAwaitingPrescriptionNotificationIsDisplayedAlongWithTheCount","Verify the Awaiting prescription notification is displayed along with the count",""
"broken","Thu Sep 10 16:03:17 IST 2026","Thu Sep 10 16:03:34 IST 2026","17298","Suite","M2006C3MII","com.intelehealth.tests.StartVisit3And4StepsTest","com.intelehealth.tests.StartVisit3And4StepsTest","IDA4_2623_verifyBackButtonFunctionality","Verify Back button functionality on Physical examination summary screen",""
"passed","Fri Sep 11 16:09:15 IST 2026","Fri Sep 11 16:09:27 IST 2026","11966","Suite","M2006C3MII","com.intelehealth.tests.LoginMenuTest","com.intelehealth.tests.LoginMenuTest","IDA4_1959_verifyUserProfile","Verify that user profile is displayed on top of the menu page",""
"passed","Fri Sep 11 14:42:49 IST 2026","Fri Sep 11 14:43:14 IST 2026","25510","Suite","M2006C3MII","com.intelehealth.tests.PrescriptionsTest","com.intelehealth.tests.PrescriptionsTest","IDA4_2110_verifyThatRecentVisitsDisplayInList","Verify that recent visits display in list",""
"passed","Fri Sep 11 15:39:07 IST 2026","Fri Sep 11 15:40:00 IST 2026","53118","Suite","M2006C3MII","com.intelehealth.tests.CloseVisitsTest","com.intelehealth.tests.CloseVisitsTest","IDA4_2238_verifyAboveSevenDaysPatientsAreDisplayedInOlderVisits","Verify whether above 7 days visited Patient's are only reflecting under Older Visits section",""
"broken","Fri Sep 11 15:53:25 IST 2026","Fri Sep 11 15:53:48 IST 2026","23615","Suite","M2006C3MII","com.intelehealth.tests.NotificationTest","com.intelehealth.tests.NotificationTest","IDA4_2140_verifyThatUserCanViewTheRecentReceivedPrescriptionNotificationOnTop","Verify that user can view the recent received prescription notification on top",""
"broken","Thu Sep 10 16:45:25 IST 2026","Thu Sep 10 16:45:43 IST 2026","17353","Suite","M2006C3MII","com.intelehealth.tests.StartVisit3And4StepsTest","com.intelehealth.tests.StartVisit3And4StepsTest","IDA4_2628_verifyUserAbleToSelectOneOrMoreOption","Verify that user can select one or more options for the questions allowed on Patient history screen",""
"broken","Thu Sep 10 16:19:04 IST 2026","Thu Sep 10 16:19:22 IST 2026","17545","Suite","M2006C3MII","com.intelehealth.tests.StartVisit3And4StepsTest","com.intelehealth.tests.StartVisit3And4StepsTest","IDA4_2645_verifyTextBoxIsDisplayed","Verify if Other option is selected on Family history screen",""
"skipped","Fri Sep 11 17:07:06 IST 2026","Fri Sep 11 17:07:07 IST 2026","976","Suite","M2006C3MII","com.intelehealth.tests.StartVisit1And2StepsTest","com.intelehealth.tests.StartVisit1And2StepsTest","IDA4_2443_verifySelectingValueFromSearchResults","Verify selecting from search results",""
"passed","Fri Sep 11 16:36:00 IST 2026","Fri Sep 11 16:37:45 IST 2026","105031","Suite","M2006C3MII","com.intelehealth.tests.AddNewPatientTest","com.intelehealth.tests.AddNewPatientTest","IDA4_2309_verifyChangeOptionForPersonalDetails"," Verify clicking on change option for personal details",""
"unknown","Fri Sep 11 12:56:36 IST 2026","Fri Sep 11 12:56:36 IST 2026","0","Suite","M2006C3MII","com.intelehealth.tests.AppointmentsTest","com.intelehealth.tests.AppointmentsTest","IDA4_2341_verifyIfOnlyTodaysDateAppointmentsAreShowingUnderTodaysTab","Verify if only Today's date appointments are showing under Today's tab","Deprecated due to new UI redesign"
"broken","Fri Sep 11 15:44:19 IST 2026","Fri Sep 11 15:44:45 IST 2026","26447","Suite","M2006C3MII","com.intelehealth.tests.FindPatientTest","com.intelehealth.tests.FindPatientTest","IDA4_2226_verifyInvalidPatientIdSearch"," Verify the Search functionality by entering invalid patient id in the search box",""
"passed","Fri Sep 11 16:24:54 IST 2026","Fri Sep 11 16:25:02 IST 2026","8031","Suite","M2006C3MII","com.intelehealth.tests.AchievementsPageTest","com.intelehealth.tests.AchievementsPageTest","testHomePageUIElements","Verify Home page labels and icons are displayed",""
"skipped","Fri Sep 11 17:07:01 IST 2026","Fri Sep 11 17:07:02 IST 2026","955","Suite","M2006C3MII","com.intelehealth.tests.StartVisit1And2StepsTest","com.intelehealth.tests.StartVisit1And2StepsTest","IDA4_2556_verifyFunctionalityOfConfirmButtonOnVisitReasonSummaryScreen","Verify the functionality of Confirm button on 2/4 Visit Reason summary page ",""
"broken","Thu Sep 10 17:36:28 IST 2026","Thu Sep 10 17:37:02 IST 2026","33597","Suite","M2006C3MII","com.intelehealth.tests.StartVisit3And4StepsTest","com.intelehealth.tests.StartVisit3And4StepsTest","IDA4_2601_verifyClickingOnPhotoInFiveOfSix","Verify when user selects take photo option in 5 of 6",""
"skipped","Fri Sep 11 17:06:44 IST 2026","Fri Sep 11 17:06:45 IST 2026","948","Suite","M2006C3MII","com.intelehealth.tests.StartVisit1And2StepsTest","com.intelehealth.tests.StartVisit1And2StepsTest","IDA4_2511_verifyDescribeTextAreaIsDisplayedInNineOfTwelveQuestions","Verify clicking on Others [Describe] section in 9 of 12",""
"passed","Fri Sep 11 13:10:53 IST 2026","Fri Sep 11 13:11:02 IST 2026","8973","Suite","M2006C3MII","com.intelehealth.tests.AppointmentsTest","com.intelehealth.tests.AppointmentsTest","IDA4_2361_verifyUserGetsTheSelectRescheduleReasonPopupByClickingYes","Verify user gets the select Reschedule reason popup by clicking yes",""
"passed","Fri Sep 11 14:13:30 IST 2026","Fri Sep 11 14:13:32 IST 2026","2278","Suite","M2006C3MII","com.intelehealth.tests.ForgotPasswordTest","com.intelehealth.tests.ForgotPasswordTest","verifyForgotPasswordWithEmptyUsername","Verify Forgot Password with empty username (negative)","Verifies Forgot Password functionality with an empty username field."
"passed","Fri Sep 11 13:52:08 IST 2026","Fri Sep 11 13:52:24 IST 2026","16098","Suite","M2006C3MII","com.intelehealth.tests.DashboardModuleTest","com.intelehealth.tests.DashboardModuleTest","IDA4_2060_verifyThatNotificationIconNavigateToNotificationPage","Verify that Notification icon navigate to Notification page",""
"skipped","Fri Sep 11 17:06:51 IST 2026","Fri Sep 11 17:06:52 IST 2026","924","Suite","M2006C3MII","com.intelehealth.tests.StartVisit1And2StepsTest","com.intelehealth.tests.StartVisit1And2StepsTest","IDA4_2527_verifyDescribeTextAreaIsDisplayedInElevenOfTwelveQuestions","Verify clicking on Yes [Describe] section in 11 of 12",""
"broken","Fri Sep 11 14:54:43 IST 2026","Fri Sep 11 14:57:05 IST 2026","142310","Suite","M2006C3MII","com.intelehealth.tests.EndToEndTest","com.intelehealth.tests.EndToEndTest","IDA4_2154_logiAddPatientPatientRegisterUpdatePatientDetails","Login, Add patient, Patient register, Update patient details",""
"passed","Fri Sep 11 13:55:42 IST 2026","Fri Sep 11 13:55:56 IST 2026","13732","Suite","M2006C3MII","com.intelehealth.tests.DashboardModuleTest","com.intelehealth.tests.DashboardModuleTest","IDA4_2064_verifyThatPrescriptionSectionShouldDisplayTheReceivedPrescriptionsOutOfTotalPrecriptions","Verify that Prescription section should display the Received Prescriptions out of total Precriptions",""
"broken","Fri Sep 11 14:18:57 IST 2026","Fri Sep 11 14:21:07 IST 2026","130036","Suite","M2006C3MII","com.intelehealth.tests.PrescriptionsTest","com.intelehealth.tests.PrescriptionsTest","IDA4_2080_verifyIfThePrescriptionIsSharedOnEnteringAValidNumber","Verify if the prescription is shared on entering a valid number",""
"broken","Thu Sep 10 17:56:28 IST 2026","Thu Sep 10 17:56:28 IST 2026","1","Suite","M2006C3MII","com.intelehealth.tests.StartVisit3And4StepsTest","com.intelehealth.tests.StartVisit3And4StepsTest","beforeMethod","beforeMethod",""
"broken","Fri Sep 11 14:49:20 IST 2026","Fri Sep 11 14:51:42 IST 2026","142007","Suite","M2006C3MII","com.intelehealth.tests.EndToEndTest","com.intelehealth.tests.EndToEndTest","IDA4_2153_loginAddPatientPatientRegister","Login, Add patient, Patient register",""
"passed","Fri Sep 11 14:17:39 IST 2026","Fri Sep 11 14:18:06 IST 2026","26160","Suite","M2006C3MII","com.intelehealth.tests.PrescriptionsTest","com.intelehealth.tests.PrescriptionsTest","IDA4_2107_verifyUserWillGetTheFollowUpAlertPopUpWhenEndTheVisit","Verify user will get the follow up alert pop up when End the visit",""
"unknown","Fri Sep 11 12:56:37 IST 2026","Fri Sep 11 12:56:37 IST 2026","0","Suite","M2006C3MII","com.intelehealth.tests.StartVisit1And2StepsTest","com.intelehealth.tests.StartVisit1And2StepsTest","IDA4_2440_verifySelectedReasons","Verify whether all selected reasons from All reason section are getting reflected under Selected reason section",""
"passed","Fri Sep 11 13:04:04 IST 2026","Fri Sep 11 13:04:12 IST 2026","7901","Suite","M2006C3MII","com.intelehealth.tests.AppointmentsTest","com.intelehealth.tests.AppointmentsTest","IDA4_2391_verifyCompletedTabFunctionality","Verify the functionality of 'Completed' tab",""
"broken","Thu Sep 10 16:15:18 IST 2026","Thu Sep 10 16:15:35 IST 2026","17344","Suite","M2006C3MII","com.intelehealth.tests.StartVisit3And4StepsTest","com.intelehealth.tests.StartVisit3And4StepsTest","IDA4_2644_verifyMultipleOptionsInFamilyHistoryScreen","Verify one or more options can be selected for the question on Family history screen",""
"passed","Fri Sep 11 16:11:34 IST 2026","Fri Sep 11 16:11:36 IST 2026","2248","Suite","M2006C3MII","com.intelehealth.tests.LoginMenuTest","com.intelehealth.tests.LoginMenuTest","IDA4_2052_verifyResetApp","Verify if user can Reset the App",""
"passed","Fri Sep 11 16:38:42 IST 2026","Fri Sep 11 16:41:05 IST 2026","143214","Suite","M2006C3MII","com.intelehealth.tests.AddNewPatientTest","com.intelehealth.tests.AddNewPatientTest","IDA4_2310_verifyPersonalDetailsUpdation"," Verify clicking on change option for personal details",""
"unknown","Fri Sep 11 12:56:37 IST 2026","Fri Sep 11 12:56:37 IST 2026","0","Suite","M2006C3MII","com.intelehealth.tests.StartVisit1And2StepsTest","com.intelehealth.tests.StartVisit1And2StepsTest","IDA4_2433_VerifyVitalsdetailsAreSaved","Verify that the updated 1/4 details are saved",""
"broken","Fri Sep 18 12:54:28 IST 2026","Fri Sep 18 12:54:28 IST 2026","1","Suite","M2006C3MII","com.intelehealth.tests.AppSetupTest","com.intelehealth.tests.AppSetupTest","beforeTest","beforeTest",""
"unknown","Fri Sep 11 12:56:36 IST 2026","Fri Sep 11 12:56:36 IST 2026","0","Suite","M2006C3MII","com.intelehealth.tests.StartVisit1And2StepsTest","com.intelehealth.tests.StartVisit1And2StepsTest","IDA4_2455_VerifyConfirmVisitPopupNoButtonFuntionality","Verify clicking on No button in Confirm visit reason popup",""
"skipped","Fri Sep 11 17:06:50 IST 2026","Fri Sep 11 17:06:51 IST 2026","927","Suite","M2006C3MII","com.intelehealth.tests.StartVisit1And2StepsTest","com.intelehealth.tests.StartVisit1And2StepsTest","IDA4_2524_verifyUserAbleToSelectAnyOptionInelevenOfTwelveQuestions","Verify whether user able to select any options in 11 of 12",""
"passed","Fri Sep 11 15:33:04 IST 2026","Fri Sep 11 15:33:13 IST 2026","8624","Suite","M2006C3MII","com.intelehealth.tests.CloseVisitsTest","com.intelehealth.tests.CloseVisitsTest","IDA4_2239_verifyCloseVisitButtonFunctionality","Verify the functionality of Close visit button under Recent visit/Older Visits section",""
"skipped","Fri Sep 11 17:06:43 IST 2026","Fri Sep 11 17:06:44 IST 2026","979","Suite","M2006C3MII","com.intelehealth.tests.StartVisit1And2StepsTest","com.intelehealth.tests.StartVisit1And2StepsTest","IDA4_2509_selectOneOrMoreOptionInnineOfTwelveQuestions","Verify whether user able to select one or more options in 9 of 12",""
"skipped","Fri Sep 11 17:06:34 IST 2026","Fri Sep 11 17:06:35 IST 2026","929","Suite","M2006C3MII","com.intelehealth.tests.StartVisit1And2StepsTest","com.intelehealth.tests.StartVisit1And2StepsTest","IDA4_2489_verifySixOfTwelevQuestionIsAutoPopulated","Verify entering any data in describe field and click on submit button in 5 of 12",""
"skipped","Fri Sep 11 17:06:48 IST 2026","Fri Sep 11 17:06:49 IST 2026","952","Suite","M2006C3MII","com.intelehealth.tests.StartVisit1And2StepsTest","com.intelehealth.tests.StartVisit1And2StepsTest","IDA4_2520_verifyLastMenstruationPeriodOptionInTenOftTwelveQuestions","Verify click on last menstruation period option in 10 of 12",""
"passed","Fri Sep 11 13:44:22 IST 2026","Fri Sep 11 13:45:10 IST 2026","47951","Suite","M2006C3MII","com.intelehealth.tests.EditProfileTest","com.intelehealth.tests.EditProfileTest","IDA4_1997_VerifyChangePassword","Verify if user can change password",""
"broken","Thu Sep 10 16:53:50 IST 2026","Thu Sep 10 16:54:08 IST 2026","17444","Suite","M2006C3MII","com.intelehealth.tests.StartVisit3And4StepsTest","com.intelehealth.tests.StartVisit3And4StepsTest","IDA4_2632_verifySubmitButtonFunctionality","Verify Submit functionality on Patient history screen",""
"passed","Thu Sep 10 15:47:47 IST 2026","Thu Sep 10 15:48:04 IST 2026","17243","Suite","M2006C3MII","com.intelehealth.tests.StartVisit3And4StepsTest","com.intelehealth.tests.StartVisit3And4StepsTest","IDA4_2597_verifyFiveOfSixQuestionsIsDisplayedWithOptions","Verify when user clicks Nails are normal/Nails are pale option in 5 of 6",""
"passed","Fri Sep 11 14:12:03 IST 2026","Fri Sep 11 14:12:06 IST 2026","2856","Suite","M2006C3MII","com.intelehealth.tests.ForgotPasswordTest","com.intelehealth.tests.ForgotPasswordTest","verifyForgotPasswordUIElements","Verify Forgot Password UI elements are displayed (positive)","Verifies that all UI elements on the Forgot Password screen are displayed correctly."
"passed","Fri Sep 11 14:31:59 IST 2026","Fri Sep 11 14:32:47 IST 2026","48118","Suite","M2006C3MII","com.intelehealth.tests.PrescriptionsTest","com.intelehealth.tests.PrescriptionsTest","IDA4_2099_verifyThatUserIsAbleToDownloadThePrescription","Verify that user is able to download the prescription",""
"unknown","Fri Sep 11 12:56:36 IST 2026","Fri Sep 11 12:56:36 IST 2026","0","Suite","M2006C3MII","com.intelehealth.tests.AppointmentsTest","com.intelehealth.tests.AppointmentsTest","IDA4_2375_verifyCancelledSection","Verify the cancelled section under cancelled tab","Deprecated due to new UI redesign"
"passed","Fri Sep 11 16:23:41 IST 2026","Fri Sep 11 16:23:52 IST 2026","11143","Suite","M2006C3MII","com.intelehealth.tests.AchievementsPageTest","com.intelehealth.tests.AchievementsPageTest","testGoToWebsiteLink","Verify whether user can able to click on Go to website link in about us page",""
"passed","Fri Sep 11 16:18:32 IST 2026","Fri Sep 11 16:18:43 IST 2026","10663","Suite","M2006C3MII","com.intelehealth.tests.AchievementsPageTest","com.intelehealth.tests.AchievementsPageTest","testCallLogs","Verify End Date can be selected from calendar",""
"broken","Fri Sep 11 12:00:03 IST 2026","Fri Sep 11 12:00:03 IST 2026","1","Suite","M2006C3MII","com.intelehealth.tests.ForgotPasswordTest","com.intelehealth.tests.ForgotPasswordTest","beforeMethod","beforeMethod",""
"skipped","Fri Sep 11 17:07:02 IST 2026","Fri Sep 11 17:07:03 IST 2026","952","Suite","M2006C3MII","com.intelehealth.tests.StartVisit1And2StepsTest","com.intelehealth.tests.StartVisit1And2StepsTest","IDA4_2553_verifyAssociatedSymptomSectionOnVisitSummaryPage","Verify the functionality of Associated symptoms section on 2/4 Visit Reason summary page",""
"passed","Fri Sep 18 12:57:13 IST 2026","Fri Sep 18 12:57:17 IST 2026","4308","Suite","M2006C3MII","com.intelehealth.tests.AppSetupTest","com.intelehealth.tests.AppSetupTest","IDA4_1942_verifySetUpScreenUIElements","Verify that UI of set up screen",""
"unknown","Fri Sep 11 12:56:36 IST 2026","Fri Sep 11 12:56:36 IST 2026","0","Suite","M2006C3MII","com.intelehealth.tests.StartVisit1And2StepsTest","com.intelehealth.tests.StartVisit1And2StepsTest","IDA4_2429_verifyTheUiOfVitalSummary","Verify the UI of Vital summary",""
"passed","Fri Sep 11 16:21:03 IST 2026","Fri Sep 11 16:21:14 IST 2026","11044","Suite","M2006C3MII","com.intelehealth.tests.AchievementsPageTest","com.intelehealth.tests.AchievementsPageTest","testAboutUsPageUIElements","Verify Help page labels and icons are displayed",""
"passed","Fri Sep 11 15:59:40 IST 2026","Fri Sep 11 16:00:09 IST 2026","28687","Suite","M2006C3MII","com.intelehealth.tests.FollowupVisitsTest","com.intelehealth.tests.FollowupVisitsTest","testSelectDateInDateFilter","Verify selecting a date in the date filter updates the filter icon",""
"broken","Fri Sep 11 15:46:25 IST 2026","Fri Sep 11 15:47:13 IST 2026","47958","Suite","M2006C3MII","com.intelehealth.tests.NotificationTest","com.intelehealth.tests.NotificationTest","IDA4_2142_verifyUserAbleToViewPrescription","Verify that user is able to view the prescription",""
"unknown","Fri Sep 11 12:56:36 IST 2026","Fri Sep 11 12:56:36 IST 2026","0","Suite","M2006C3MII","com.intelehealth.tests.AppointmentsTest","com.intelehealth.tests.AppointmentsTest","IDA4_2345_verifyCompletedSectionUnderUpcomingTab","Verify Completed section under Upcoming tab","Deprecated due to new UI redesign"
"passed","Fri Sep 11 16:17:16 IST 2026","Fri Sep 11 16:17:27 IST 2026","11467","Suite","M2006C3MII","com.intelehealth.tests.AchievementsPageTest","com.intelehealth.tests.AchievementsPageTest","testSelectDateFromCalendar","Verify End Date can be selected from calendar",""
"broken","Fri Sep 11 14:28:47 IST 2026","Fri Sep 11 14:29:45 IST 2026","58051","Suite","M2006C3MII","com.intelehealth.tests.PrescriptionsTest","com.intelehealth.tests.PrescriptionsTest","IDA4_2092_verifyUserIsAbleToViewVisitSummaryPage","Verify user is able to view visit summary page",""
"passed","Fri Sep 11 13:11:54 IST 2026","Fri Sep 11 13:12:06 IST 2026","12513","Suite","M2006C3MII","com.intelehealth.tests.AppointmentsTest","com.intelehealth.tests.AppointmentsTest","IDA4_2364_verifyClickingOnSaveButtonBySelectingReasonInRescheduleReasonPopup","Verify clicking on Save button by selecting reason in Reschedule reason popup",""
"passed","Fri Sep 11 13:29:47 IST 2026","Fri Sep 11 13:29:56 IST 2026","8982","Suite","M2006C3MII","com.intelehealth.tests.AppointmentsTest","com.intelehealth.tests.AppointmentsTest","IDA4_2390_verifyHWCanAbleToSearchTheAppointmentsByPatientNameInPastAppointments","Verify the HW can able to search the appointments by patient name",""
"passed","Fri Sep 11 14:40:15 IST 2026","Fri Sep 11 14:40:40 IST 2026","25211","Suite","M2006C3MII","com.intelehealth.tests.PrescriptionsTest","com.intelehealth.tests.PrescriptionsTest","IDA4_2079_verifyShareFunctionalityWhenClickedOnAnyRecentPatientVisit","Verify share functionality when clicked on any recent patient visit",""
"passed","Fri Sep 11 15:58:29 IST 2026","Fri Sep 11 15:58:34 IST 2026","4740","Suite","M2006C3MII","com.intelehealth.tests.FollowupVisitsTest","com.intelehealth.tests.FollowupVisitsTest","testClickFilterIconUIInDateRangeTab","Verify filter icon can be clicked",""
"passed","Fri Sep 18 12:56:01 IST 2026","Fri Sep 18 12:56:04 IST 2026","2693","Suite","M2006C3MII","com.intelehealth.tests.AppSetupTest","com.intelehealth.tests.AppSetupTest","IDA4_1940_verifySkipOnTheIntroductoryScreen"," Verify clicking on Skip on theintroductory screens",""
"unknown","Fri Sep 11 12:56:37 IST 2026","Fri Sep 11 12:56:37 IST 2026","0","Suite","M2006C3MII","com.intelehealth.tests.StartVisit1And2StepsTest","com.intelehealth.tests.StartVisit1And2StepsTest","IDA4_2465_selectPainRadiatesToOptionAndVerifyDescribeSectionDisplayed","Verify after selecting one option from 2nd question option list 'pain radiates to' option selected",""
"broken","Thu Sep 10 15:55:29 IST 2026","Thu Sep 10 15:56:08 IST 2026","38298","Suite","M2006C3MII","com.intelehealth.tests.StartVisit3And4StepsTest","com.intelehealth.tests.StartVisit3And4StepsTest","IDA4_2607_verifySixofSixQuestionsOptions","Verify when user clicks -No oedema/In left/In right/Both option in 6 of 6",""
"skipped","Fri Sep 11 17:07:08 IST 2026","Fri Sep 11 17:07:09 IST 2026","958","Suite","M2006C3MII","com.intelehealth.tests.StartVisit1And2StepsTest","com.intelehealth.tests.StartVisit1And2StepsTest","IDA4_2446_verifyAllReasonInAllReasonSection","Verify all the reason in ''All reasons'' section",""
"broken","Fri Sep 11 15:43:01 IST 2026","Fri Sep 11 15:43:27 IST 2026","26370","Suite","M2006C3MII","com.intelehealth.tests.FindPatientTest","com.intelehealth.tests.FindPatientTest","IDA4_2222_verifyInvalidPatientSearch","Verify the Search functionality by entering invalid patient name in the search box",""
"passed","Fri Sep 11 14:38:55 IST 2026","Fri Sep 11 14:39:24 IST 2026","28915","Suite","M2006C3MII","com.intelehealth.tests.PrescriptionsTest","com.intelehealth.tests.PrescriptionsTest","IDA4_2104_verifyHomeNavigatesToHomePage","Verify Home navigates to home page",""
"broken","Fri Sep 11 15:49:12 IST 2026","Fri Sep 11 15:51:05 IST 2026","113492","Suite","M2006C3MII","com.intelehealth.tests.NotificationTest","com.intelehealth.tests.NotificationTest","IDA4_2150_verifyDataIsSyncedToWebApp","Verify once internet is available, the data should be synced to web portal automatically",""
"broken","Thu Sep 10 17:13:20 IST 2026","Thu Sep 10 17:13:37 IST 2026","17357","Suite","M2006C3MII","com.intelehealth.tests.StartVisit3And4StepsTest","com.intelehealth.tests.StartVisit3And4StepsTest","IDA4_2622_verifyChangesUpdated","Verify whether the changes are updated in physical examination screen",""
"skipped","Fri Sep 11 17:06:33 IST 2026","Fri Sep 11 17:06:34 IST 2026","1658","Suite","M2006C3MII","com.intelehealth.tests.StartVisit1And2StepsTest","com.intelehealth.tests.StartVisit1And2StepsTest","IDA4_2487_verifyFiveOfTwelveQuestionsDescribeTextBoxIsDisplayedWithSubmitButton","Verify clicking on Others [Describe] section in 5 of 12",""
"passed","Thu Sep 10 15:27:34 IST 2026","Thu Sep 10 15:27:45 IST 2026","11505","Suite","M2006C3MII","com.intelehealth.tests.StartVisit3And4StepsTest","com.intelehealth.tests.StartVisit3And4StepsTest","IDA4_2584_verifyThreeOfSixQuestionsIsShownToUser","Verify 3 of 6 questions is shown to user",""
"broken","Thu Sep 10 17:01:33 IST 2026","Thu Sep 10 17:01:50 IST 2026","17465","Suite","M2006C3MII","com.intelehealth.tests.StartVisit3And4StepsTest","com.intelehealth.tests.StartVisit3And4StepsTest","IDA4_2635_verifyDropdowns","Verify dropdowns for selecting durations on Patient history screen",""
"passed","Fri Sep 11 13:30:48 IST 2026","Fri Sep 11 13:30:57 IST 2026","8263","Suite","M2006C3MII","com.intelehealth.tests.AppointmentsTest","com.intelehealth.tests.AppointmentsTest","testAppointmentFilter","Verify the appointment filters in Past section",""
"passed","Fri Sep 11 16:29:50 IST 2026","Fri Sep 11 16:30:57 IST 2026","67252","Suite","M2006C3MII","com.intelehealth.tests.AddNewPatientTest","com.intelehealth.tests.AddNewPatientTest","IDA4_2278_verifyOkayButtonFunctionality","Verify Okay button functionality after selecting DOB",""
"passed","Fri Sep 11 15:57:34 IST 2026","Fri Sep 11 15:57:38 IST 2026","3207","Suite","M2006C3MII","com.intelehealth.tests.FollowupVisitsTest","com.intelehealth.tests.FollowupVisitsTest","testClickFilterIconUIInDateTab","Verify filter icon can be clicked",""
"unknown","Fri Sep 11 12:56:37 IST 2026","Fri Sep 11 12:56:37 IST 2026","0","Suite","M2006C3MII","com.intelehealth.tests.AppointmentsTest","com.intelehealth.tests.AppointmentsTest","IDA4_2343_verifyTheFunctionalityOfUpcomingTab","Verify the functionality of upcoming tab","Deprecated due to new UI redesign"
"passed","Fri Sep 11 16:32:01 IST 2026","Fri Sep 11 16:32:58 IST 2026","56521","Suite","M2006C3MII","com.intelehealth.tests.AddNewPatientTest","com.intelehealth.tests.AddNewPatientTest","IDA4_2283_verifyNextButtonFuntionality"," Verify Next button functionality from Personal Screen of Add new patient",""
"passed","Fri Sep 11 16:19:50 IST 2026","Fri Sep 11 16:19:58 IST 2026","7491","Suite","M2006C3MII","com.intelehealth.tests.AchievementsPageTest","com.intelehealth.tests.AchievementsPageTest","testHelpPageUIElements","Verify Home page labels and icons are displayed",""
"broken","Fri Sep 11 16:54:22 IST 2026","Fri Sep 11 16:55:41 IST 2026","79035","Suite","M2006C3MII","com.intelehealth.tests.AddNewPatientTest","com.intelehealth.tests.AddNewPatientTest","IDA4_2315_verifyStartVisitButtonFunctionality","Verify Start Visit button functionality",""
"broken","Thu Sep 10 16:49:48 IST 2026","Thu Sep 10 16:50:06 IST 2026","17786","Suite","M2006C3MII","com.intelehealth.tests.StartVisit3And4StepsTest","com.intelehealth.tests.StartVisit3And4StepsTest","IDA4_2630_verifySkipButtonFunctionality","Verify Skip functionality on Patient history screen",""
"passed","Fri Sep 11 16:27:22 IST 2026","Fri Sep 11 16:27:36 IST 2026","13905","Suite","M2006C3MII","com.intelehealth.tests.AddNewPatientTest","com.intelehealth.tests.AddNewPatientTest","IDA4_2258_verifyAcceptButtonFunctionality","Verify the functionality of Accept button on Privacy Policy screen",""
"passed","Fri Sep 11 16:12:42 IST 2026","Fri Sep 11 16:12:46 IST 2026","3300","Suite","M2006C3MII","com.intelehealth.tests.AchievementsPageTest","com.intelehealth.tests.AchievementsPageTest","testVerifyUIElements","Verify End Date can be selected from calendar",""
"passed","Fri Sep 11 14:45:25 IST 2026","Fri Sep 11 14:45:52 IST 2026","27151","Suite","M2006C3MII","com.intelehealth.tests.PrescriptionsTest","com.intelehealth.tests.PrescriptionsTest","IDA4_2106_verifyUserCanEndVisit","Verify user can end visit",""
"broken","Thu Sep 10 16:41:42 IST 2026","Thu Sep 10 16:41:59 IST 2026","17363","Suite","M2006C3MII","com.intelehealth.tests.StartVisit3And4StepsTest","com.intelehealth.tests.StartVisit3And4StepsTest","IDA4_2656_verifyConfirmButtonFunctionality","Verify Confirm button functionality on Medical history summary screen",""
"unknown","Fri Sep 11 12:56:36 IST 2026","Fri Sep 11 12:56:36 IST 2026","0","Suite","M2006C3MII","com.intelehealth.tests.StartVisit1And2StepsTest","com.intelehealth.tests.StartVisit1And2StepsTest","IDA4_2470_selectNumberAndVerify","Verify selecting any one number in 3 of 12",""
"passed","Fri Sep 11 14:23:14 IST 2026","Fri Sep 11 14:23:41 IST 2026","27372","Suite","M2006C3MII","com.intelehealth.tests.PrescriptionsTest","com.intelehealth.tests.PrescriptionsTest","IDA4_2086_verifyThatUserIsAbleToNavigateToVisitDetailsPageByClickingOnAnyRecentVisit","Verify that user is able to navigate to visit details page by clicking on any recent visit",""
"broken","Fri Sep 11 15:28:12 IST 2026","Fri Sep 11 15:28:55 IST 2026","42624","Suite","M2006C3MII","com.intelehealth.tests.EndToEndTest","com.intelehealth.tests.EndToEndTest","IDA4_2161_LoginPrescriptionsReceivedVisitSummaryShare","Login, Prescriptions, Received, Visit summary, Share",""
"broken","Thu Sep 10 17:17:04 IST 2026","Thu Sep 10 17:17:21 IST 2026","17391","Suite","M2006C3MII","com.intelehealth.tests.StartVisit3And4StepsTest","com.intelehealth.tests.StartVisit3And4StepsTest","IDA4_2654_verifyChangesUpdatedInMedicalHistoryScreen","Verify whether the changes are updated in medical history summary screen",""
"unknown","Fri Sep 11 12:56:36 IST 2026","Fri Sep 11 12:56:36 IST 2026","0","Suite","M2006C3MII","com.intelehealth.tests.StartVisit1And2StepsTest","com.intelehealth.tests.StartVisit1And2StepsTest","IDA4_2415_verifyNextButtonFunctionality","Verify the functionality of Next button on 1st vital screen",""
"passed","Fri Sep 11 14:15:19 IST 2026","Fri Sep 11 14:15:33 IST 2026","13783","Suite","M2006C3MII","com.intelehealth.tests.ForgotPasswordTest","com.intelehealth.tests.ForgotPasswordTest","verifyForgotPasswordUIAfterValidUsername","Verify Forgot Password UI after entering valid username and clicking Continue","Verifies the UI elements on the Forgot Password screen after entering a valid username and clicking Continue."
"passed","Fri Sep 11 16:05:30 IST 2026","Fri Sep 11 16:05:39 IST 2026","8676","Suite","M2006C3MII","com.intelehealth.tests.LoginMenuTest","com.intelehealth.tests.LoginMenuTest","verifyForgotPasswordUIElements","Verify Forgot Password UI elements are displayed (positive)","Verifies that all UI elements on the Forgot Password screen are displayed correctly."
"broken","Fri Sep 11 13:20:23 IST 2026","Fri Sep 11 13:22:08 IST 2026","104177","Suite","M2006C3MII","com.intelehealth.tests.AppointmentsTest","com.intelehealth.tests.AppointmentsTest","IDA4_2371_verifyRescheduledAppointmentDisplaysUnderTodaysTabOfUpcomingSection","Verify Rescheduled appointment displays under Today's tab of upcoming section",""
"unknown","Fri Sep 11 12:56:36 IST 2026","Fri Sep 11 12:56:36 IST 2026","0","Suite","M2006C3MII","com.intelehealth.tests.StartVisit1And2StepsTest","com.intelehealth.tests.StartVisit1And2StepsTest","IDA4_2483_enterDataInDescribeFieldAndclickSubmitButton","Verify entering any data in describe field and click on submit button in 4 of 12",""
"unknown","Fri Sep 11 12:56:37 IST 2026","Fri Sep 11 12:56:37 IST 2026","0","Suite","M2006C3MII","com.intelehealth.tests.AppointmentsTest","com.intelehealth.tests.AppointmentsTest","IDA4_2404_verifyOverAllTabSection","Verify the overall All tab section","Deprecated due to new UI redesign"
"passed","Fri Sep 11 13:09:56 IST 2026","Fri Sep 11 13:10:03 IST 2026","7089","Suite","M2006C3MII","com.intelehealth.tests.AppointmentsTest","com.intelehealth.tests.AppointmentsTest","IDA4_2359_verifyTheFunctionalityOfRescheduleInAppointmentDetailsPage","Verify the functionality of Reschedule in Appointment details page",""
"passed","Fri Sep 11 18:34:44 IST 2026","Fri Sep 11 18:34:53 IST 2026","8953","Suite","M2006C3MII","com.intelehealth.tests.ChangeLanguageAndProtocolTest","com.intelehealth.tests.ChangeLanguageAndProtocolTest","IDA4_2033_verifyResetLanguageToEnglish","Verify that Reset option reset the language to English",""
"unknown","Fri Sep 11 12:56:37 IST 2026","Fri Sep 11 12:56:37 IST 2026","0","Suite","M2006C3MII","com.intelehealth.tests.AppointmentsTest","com.intelehealth.tests.AppointmentsTest","IDA4_2373_verifyCancelledTab","Verify the functionality of 'Cancelled' tab","Deprecated due to new UI redesign"
"broken","Fri Sep 11 16:59:36 IST 2026","Fri Sep 11 17:02:05 IST 2026","149323","Suite","M2006C3MII","com.intelehealth.tests.AddNewPatientTest","com.intelehealth.tests.AddNewPatientTest","IDA4_2305_verifySyncFunctionality","Verify Sync functionality",""
"broken","Thu Sep 10 17:44:50 IST 2026","Thu Sep 10 17:45:15 IST 2026","25019","Suite","M2006C3MII","com.intelehealth.tests.StartVisit3And4StepsTest","com.intelehealth.tests.StartVisit3And4StepsTest","IDA4_2572_verifyPictureUploadedFromGalleryInOneOfSix","Verify picture is uploaded when selected from gallery/photos in 1 of 6",""
"unknown","Fri Sep 11 12:56:36 IST 2026","Fri Sep 11 12:56:36 IST 2026","0","Suite","M2006C3MII","com.intelehealth.tests.StartVisit1And2StepsTest","com.intelehealth.tests.StartVisit1And2StepsTest","IDA4_2462_verifySubmitButtonFuntionality","Verify the functionality of Submit button on 1st question",""
"passed","Fri Sep 11 16:22:22 IST 2026","Fri Sep 11 16:22:35 IST 2026","13034","Suite","M2006C3MII","com.intelehealth.tests.AchievementsPageTest","com.intelehealth.tests.AchievementsPageTest","testTermsAndConditionsLink","Verify whether user can able to click on terms and conditions link in about us page",""
"skipped","Fri Sep 11 17:06:56 IST 2026","Fri Sep 11 17:06:57 IST 2026","1084","Suite","M2006C3MII","com.intelehealth.tests.StartVisit1And2StepsTest","com.intelehealth.tests.StartVisit1And2StepsTest","IDA4_2543_verifyAssociatedSymptomsDescribeTextAreaIsDisplayed","Verify when user selects yes option for 8th , 9th and 16th [Describe]'' symptom",""
"skipped","Fri Sep 11 17:06:35 IST 2026","Fri Sep 11 17:06:37 IST 2026","1497","Suite","M2006C3MII","com.intelehealth.tests.StartVisit1And2StepsTest","com.intelehealth.tests.StartVisit1And2StepsTest","IDA4_2491_verifyUserAbleToSelectAnyOptionsOfSixOfTwelveQusetions","Verify whether user able to select any options in 6 of 12",""
"skipped","Fri Sep 11 17:06:52 IST 2026","Fri Sep 11 17:06:53 IST 2026","1029","Suite","M2006C3MII","com.intelehealth.tests.StartVisit1And2StepsTest","com.intelehealth.tests.StartVisit1And2StepsTest","IDA4_2530_verifyTwelveOfTwelveQuestionsIsDisplayed","Verify entering any data in describe field or select any option and click on submit button in 11 of 12",""
"unknown","Fri Sep 11 12:56:36 IST 2026","Fri Sep 11 12:56:36 IST 2026","0","Suite","M2006C3MII","com.intelehealth.tests.StartVisit1And2StepsTest","com.intelehealth.tests.StartVisit1And2StepsTest","IDA4_2478_selectOptionInFourOfTwelve","Verify whether user able to select any options in 4 of 12",""
"passed","Fri Sep 11 13:08:51 IST 2026","Fri Sep 11 13:09:05 IST 2026","13832","Suite","M2006C3MII","com.intelehealth.tests.AppointmentsTest","com.intelehealth.tests.AppointmentsTest","IDA4_2357_verifyUserClickingOnArrowNextToVisitSummaryOnAppointmentDetailsPage","Verify user clicking on arrow next to visit summary on appointment details page",""
"broken","Fri Sep 11 18:05:57 IST 2026","Fri Sep 11 18:08:20 IST 2026","143144","Suite","M2006C3MII","com.intelehealth.tests.VisitSummaryTest","com.intelehealth.tests.VisitSummaryTest","IDA4_2194_verifyIfPriorityVisitIsEnabledON","Verify if priority visit is enabled ON",""
"passed","Fri Sep 11 15:16:07 IST 2026","Fri Sep 11 15:17:18 IST 2026","71114","Suite","M2006C3MII","com.intelehealth.tests.EndToEndTest","com.intelehealth.tests.EndToEndTest","IDA4_2158_LoginPrescriptionsReceivedCallToPatient","Login, Prescriptions, Received/pending, Call to patient",""
"broken","Fri Sep 11 16:50:50 IST 2026","Fri Sep 11 16:53:24 IST 2026","154024","Suite","M2006C3MII","com.intelehealth.tests.AddNewPatientTest","com.intelehealth.tests.AddNewPatientTest","IDA4_2314_verifyUpdatedOtherDetails"," Verify the update of other details reflects on patient details screen",""
"passed","Fri Sep 11 16:15:01 IST 2026","Fri Sep 11 16:15:04 IST 2026","3007","Suite","M2006C3MII","com.intelehealth.tests.AchievementsPageTest","com.intelehealth.tests.AchievementsPageTest","verifyReportTabs","Verify End Date can be selected from calendar",""
"passed","Fri Sep 11 16:44:40 IST 2026","Fri Sep 11 16:46:35 IST 2026","115257","Suite","M2006C3MII","com.intelehealth.tests.AddNewPatientTest","com.intelehealth.tests.AddNewPatientTest","IDA4_2312_verifyAddressDetailsUpdation"," Verify the update of address details reflects on patient details screen",""
"unknown","Fri Sep 11 12:56:37 IST 2026","Fri Sep 11 12:56:37 IST 2026","0","Suite","M2006C3MII","com.intelehealth.tests.StartVisit1And2StepsTest","com.intelehealth.tests.StartVisit1And2StepsTest","IDA4_2486_verifyWhenUserSelectsOptionInFiveOfTwelveQuestions","Verify when user selects any option other than Others[Describe] in 5 of 12",""
"unknown","Fri Sep 11 12:56:36 IST 2026","Fri Sep 11 12:56:36 IST 2026","0","Suite","M2006C3MII","com.intelehealth.tests.AppointmentsTest","com.intelehealth.tests.AppointmentsTest","IDA4_2386_verifyCancelledAppointment","Verify the Cancelled appointment under Cancelled section and its tab","Deprecated due to new UI redesign"
"skipped","Fri Sep 11 17:07:09 IST 2026","Fri Sep 11 17:07:09 IST 2026","984","Suite","M2006C3MII","com.intelehealth.tests.StartVisit1And2StepsTest","com.intelehealth.tests.StartVisit1And2StepsTest","IDA4_2437_verifyUIOfVisitReasonPage","Verify the UI of 2/4 Visit Reason page",""
"passed","Fri Sep 11 14:00:18 IST 2026","Fri Sep 11 14:00:33 IST 2026","15527","Suite","M2006C3MII","com.intelehealth.tests.DashboardModuleTest","com.intelehealth.tests.DashboardModuleTest","IDA4_2067_verifyThatUserCanNavigateToCloseVisitsPage","Verify that user can navigate to Close Visits page",""
"passed","Fri Sep 11 15:55:42 IST 2026","Fri Sep 11 15:55:47 IST 2026","5114","Suite","M2006C3MII","com.intelehealth.tests.FollowupVisitsTest","com.intelehealth.tests.FollowupVisitsTest","testEnterSearchPatientByOpenMRSID","verify search patient by OpenMRS ID ",""
"passed","Fri Sep 11 16:04:26 IST 2026","Fri Sep 11 16:04:33 IST 2026","7437","Suite","M2006C3MII","com.intelehealth.tests.LoginMenuTest","com.intelehealth.tests.LoginMenuTest","IDA4_1943_verifyForgotUsernameDialogBox","Verify that user is able to navigate to setup page when the terms & conditions box is checked",""
"broken","Fri Sep 11 17:09:59 IST 2026","Fri Sep 11 17:14:24 IST 2026","265641","Suite","M2006C3MII","com.intelehealth.tests.VisitSummaryTest","com.intelehealth.tests.VisitSummaryTest","IDA4_2175_verifyEditOptionFunctionalityBesidePatientName","Verify edit option functionality beside patient name",""
"broken","Fri Sep 11 17:51:15 IST 2026","Fri Sep 11 17:56:13 IST 2026","298552","Suite","M2006C3MII","com.intelehealth.tests.VisitSummaryTest","com.intelehealth.tests.VisitSummaryTest","IDA4_2190_verifyClickingOnCloseButtonOnTheDocumentUploaded","Verify clicking on close button on the document uploaded",""
"unknown","Fri Sep 11 12:56:37 IST 2026","Fri Sep 11 12:56:37 IST 2026","0","Suite","M2006C3MII","com.intelehealth.tests.StartVisit1And2StepsTest","com.intelehealth.tests.StartVisit1And2StepsTest","IDA4_2459_VerifyOptions","Verify the options displayed for the 1st question",""
"passed","Fri Sep 11 16:42:03 IST 2026","Fri Sep 11 16:43:39 IST 2026","95973","Suite","M2006C3MII","com.intelehealth.tests.AddNewPatientTest","com.intelehealth.tests.AddNewPatientTest","IDA4_2311_verifyChangeOptionForAddressDetails"," Verify clicking on change option for Address details",""
"broken","Fri Sep 11 16:47:38 IST 2026","Fri Sep 11 16:49:51 IST 2026","133105","Suite","M2006C3MII","com.intelehealth.tests.AddNewPatientTest","com.intelehealth.tests.AddNewPatientTest","IDA4_2313_verifyChangeOptionForAOtherDetailsScreen","Verify clicking on change option for Other details",""
"skipped","Fri Sep 11 17:06:46 IST 2026","Fri Sep 11 17:06:47 IST 2026","1026","Suite","M2006C3MII","com.intelehealth.tests.StartVisit1And2StepsTest","com.intelehealth.tests.StartVisit1And2StepsTest","IDA4_2517_verifyUserAbleToSelectOptionInTenOftTwelveQuestions","Verify whether user able to select any options in 10 of 12",""
"broken","Thu Sep 10 17:32:30 IST 2026","Thu Sep 10 17:33:02 IST 2026","32393","Suite","M2006C3MII","com.intelehealth.tests.StartVisit3And4StepsTest","com.intelehealth.tests.StartVisit3And4StepsTest","IDA4_2590_verifyClickingOnPhotoInFourOfSix","Verify when user selects take photo option in 4 of 6",""
"skipped","Fri Sep 11 17:06:39 IST 2026","Fri Sep 11 17:06:40 IST 2026","918","Suite","M2006C3MII","com.intelehealth.tests.StartVisit1And2StepsTest","com.intelehealth.tests.StartVisit1And2StepsTest","IDA4_2499_verifyEightOfTwelveQuetionsIsDisplayed","Verify whether user able to select any options in 7 of 12",""
"passed","Fri Sep 11 13:34:28 IST 2026","Fri Sep 11 13:34:36 IST 2026","7723","Suite","M2006C3MII","com.intelehealth.tests.AppointmentsTest","com.intelehealth.tests.AppointmentsTest","testAppointmentFilter","Verify the appointment filters in Past section",""
"passed","Fri Sep 11 13:48:17 IST 2026","Fri Sep 11 13:48:32 IST 2026","14486","Suite","M2006C3MII","com.intelehealth.tests.DashboardModuleTest","com.intelehealth.tests.DashboardModuleTest","IDA4_2508_verifyThatLastSyncedTimeAndDateDisplayOnTopOfThePage","Verify that Last synced Time and Date Display on top of the page",""
"passed","Fri Sep 11 13:46:41 IST 2026","Fri Sep 11 13:46:53 IST 2026","12750","Suite","M2006C3MII","com.intelehealth.tests.DashboardModuleTest","com.intelehealth.tests.DashboardModuleTest","IDA4_2507_verifyThatAddedLocationIsDisplayOnTopOfThePage","Verify that Added Location is display on top of the page",""
"broken","Fri Sep 11 15:41:42 IST 2026","Fri Sep 11 15:42:10 IST 2026","27860","Suite","M2006C3MII","com.intelehealth.tests.FindPatientTest","com.intelehealth.tests.FindPatientTest","IDA4_2221_verifyValidPatientSearch"," Verify the Search functionality by entering valid patient name in the search box",""
"passed","Thu Sep 10 15:07:41 IST 2026","Thu Sep 10 15:07:45 IST 2026","3966","Suite","M2006C3MII","com.intelehealth.tests.StartVisit3And4StepsTest","com.intelehealth.tests.StartVisit3And4StepsTest","IDA4_2563_verifyOneOfSixQuestionsOptions","Verify 1 of 6 questions is shown to user",""
"passed","Fri Sep 11 16:28:38 IST 2026","Fri Sep 11 16:28:47 IST 2026","9733","Suite","M2006C3MII","com.intelehealth.tests.AddNewPatientTest","com.intelehealth.tests.AddNewPatientTest","IDA4_2259_verifyDeclineButtonFunctionality","Verify the functionality of Decline button on Privacy Policy screen",""
"passed","Thu Sep 10 15:43:30 IST 2026","Thu Sep 10 15:43:42 IST 2026","12779","Suite","M2006C3MII","com.intelehealth.tests.StartVisit3And4StepsTest","com.intelehealth.tests.StartVisit3And4StepsTest","IDA4_2596_verifyFiveOfSixQuestionsIsDisplayedWithOptions","Verify 5 of 6 questions is shown to user ",""
"unknown","Fri Sep 11 12:56:37 IST 2026","Fri Sep 11 12:56:37 IST 2026","0","Suite","M2006C3MII","com.intelehealth.tests.StartVisit1And2StepsTest","com.intelehealth.tests.StartVisit1And2StepsTest","IDA4_2438_verifyFuntionalityOfSelectedReason","Verify the functionality of Selected reason section",""
"skipped","Fri Sep 11 17:06:49 IST 2026","Fri Sep 11 17:06:50 IST 2026","930","Suite","M2006C3MII","com.intelehealth.tests.StartVisit1And2StepsTest","com.intelehealth.tests.StartVisit1And2StepsTest","IDA4_2522_verifyElevenOftweOfTwelveQusetionsIsDisplayed","Verify entering any data in describe field or select any option and click on submit button in 10 of 12",""
"passed","Fri Sep 11 13:37:59 IST 2026","Fri Sep 11 13:38:12 IST 2026","13037","Suite","M2006C3MII","com.intelehealth.tests.AppointmentsTest","com.intelehealth.tests.AppointmentsTest","IDA4_2392_verifySearchByOpenMrsIdInPastAppointments","verify search with open mrs id",""
"broken","Thu Sep 10 17:24:30 IST 2026","Thu Sep 10 17:24:55 IST 2026","24590","Suite","M2006C3MII","com.intelehealth.tests.StartVisit3And4StepsTest","com.intelehealth.tests.StartVisit3And4StepsTest","IDA4_2567_verifyClickingOnPhotoInOneOfSix","Verify clicking photo in 1 of 6",""
"passed","Fri Sep 11 13:54:39 IST 2026","Fri Sep 11 13:54:53 IST 2026","13711","Suite","M2006C3MII","com.intelehealth.tests.DashboardModuleTest","com.intelehealth.tests.DashboardModuleTest","IDA4_2062_verifyThatAddPatientSectionDisplayedWithArrowIcon","Verify that Add patient section displayed with arrow icon",""
"broken","Fri Sep 11 17:25:33 IST 2026","Fri Sep 11 17:30:20 IST 2026","286982","Suite","M2006C3MII","com.intelehealth.tests.VisitSummaryTest","com.intelehealth.tests.VisitSummaryTest","IDA4_2183_verifyClickingOnAddAdditionalDocument","Verify clicking on Add additional document",""
"passed","Fri Sep 11 13:03:05 IST 2026","Fri Sep 11 13:03:16 IST 2026","11141","Suite","M2006C3MII","com.intelehealth.tests.AppointmentsTest","com.intelehealth.tests.AppointmentsTest","IDA4_2382_verifyYesButtonFunctionality","Verify the Yes button functionality in cancel appointment popup",""
"unknown","Fri Sep 11 12:56:37 IST 2026","Fri Sep 11 12:56:37 IST 2026","0","Suite","M2006C3MII","com.intelehealth.tests.AppointmentsTest","com.intelehealth.tests.AppointmentsTest","IDA4_2344_verifyCancelledSectionUnderUpcomingTab","Verify Cancelled section under Upcoming tab","Deprecated due to new UI redesign"
"passed","Fri Sep 11 14:06:05 IST 2026","Fri Sep 11 14:06:21 IST 2026","15544","Suite","M2006C3MII","com.intelehealth.tests.DashboardModuleTest","com.intelehealth.tests.DashboardModuleTest","IDA4_2073_verifyThatAchievementsOnBottomNavigateToMyAchievementsPage","Verify that Achievements on Bottom navigate to My Achievements page",""
"passed","Fri Sep 11 14:16:23 IST 2026","Fri Sep 11 14:16:47 IST 2026","24409","Suite","M2006C3MII","com.intelehealth.tests.PrescriptionsTest","com.intelehealth.tests.PrescriptionsTest","IDA4_2078_verifyReceivedPrescriptionsPatientsListedInRecentVisit","Verify received prescriptions patients listed in recent visit",""
"broken","Thu Sep 10 15:31:13 IST 2026","Thu Sep 10 15:31:40 IST 2026","27703","Suite","M2006C3MII","com.intelehealth.tests.StartVisit3And4StepsTest","com.intelehealth.tests.StartVisit3And4StepsTest","IDA4_2585_verifyThreeOfSixQuestionsNormalSlowOption","Verify when user clicks Normal/Slow option in 3 of 6",""
"passed","Fri Sep 11 18:30:48 IST 2026","Fri Sep 11 18:30:56 IST 2026","7869","Suite","M2006C3MII","com.intelehealth.tests.ChangeLanguageAndProtocolTest","com.intelehealth.tests.ChangeLanguageAndProtocolTest","IDA4_2032_verifyLanguageSelectionFromDropdown","Verify that User can select the language from the dropdown",""
"skipped","Fri Sep 11 17:06:39 IST 2026","Fri Sep 11 17:06:39 IST 2026","933","Suite","M2006C3MII","com.intelehealth.tests.StartVisit1And2StepsTest","com.intelehealth.tests.StartVisit1And2StepsTest","IDA4_2498_verifyUserAbleToSelectAnyOptionInSevenOfTwelveQuestions","Verify whether user able to select any options in 7 of 12",""
"unknown","Fri Sep 11 12:56:36 IST 2026","Fri Sep 11 12:56:36 IST 2026","1","Suite","M2006C3MII","com.intelehealth.tests.StartVisit1And2StepsTest","com.intelehealth.tests.StartVisit1And2StepsTest","IDA4_2474_selectNumberAndVerify","Verify selecting any duration in 3 of 12",""
"broken","Fri Sep 11 17:33:30 IST 2026","Fri Sep 11 17:38:07 IST 2026","276414","Suite","M2006C3MII","com.intelehealth.tests.VisitSummaryTest","com.intelehealth.tests.VisitSummaryTest","IDA4_2185_verifyUserIsAbleToClickPhoto","Verify user is able to click photo",""
"skipped","Fri Sep 11 17:07:03 IST 2026","Fri Sep 11 17:07:04 IST 2026","978","Suite","M2006C3MII","com.intelehealth.tests.StartVisit1And2StepsTest","com.intelehealth.tests.StartVisit1And2StepsTest","IDA4_2538_selectAssociatedSymptomsTwentyOptionsAndVerify","Verify whether user can select options for all 20 symptoms",""
